Ticker,Name,Sector
PENN,PENN NATIONAL GAMING INC,consumer-cyclical
CZR,CAESARS ENTERTAINMENT INC,consumer-cyclical
PLUG,PLUG POWER INC,industrials
RARE,ULTRAGENYX PHARMACEUTICAL INC,healthcare
MRTX,MIRATI THERAPEUTICS INC,healthcare
RUN,SUNRUN INC,industrials
DAR,DARLING INGREDIENTS INC,consumer-defensive
DECK,DECKERS OUTDOOR CORP,consumer-cyclical
ARWR,ARROWHEAD PHARMACEUTICALS INC,healthcare
CHDN,CHURCHILL DOWNS INC,consumer-cyclical
NVAX,NOVAVAX INC,healthcare
NTRA,NATERA INC,healthcare
IIVI,II VI INC,technology
RDFN,REDFIN CORP,real-estate
LAD,LITHIA MOTORS INC CLASS A,consumer-cyclical
RH,RH,consumer-cyclical
BPMC,BLUEPRINT MEDICINES CORP,healthcare
BL,BLACKLINE INC,technology
SITE,SITEONE LANDSCAPE SUPPLY INC,industrials
IRTC,IRHYTHM TECHNOLOGIES INC,healthcare
FATE,FATE THERAPEUTICS INC,healthcare
LHCG,LHC GROUP INC,healthcare
BLD,TOPBUILD CORP,consumer-cyclical
TTEK,TETRA TECH INC,industrials
TGTX,TG THERAPEUTICS INC,healthcare
QTWO,Q2 HOLDINGS INC,technology
FOLD,AMICUS THERAPEUTICS INC,healthcare
NVRO,NEVRO CORP,healthcare
PFGC,PERFORMANCE FOOD GROUP,consumer-defensive
XTSLA,BLK CSH FND TREASURY SL AGENCY,cash-derivatives
LSCC,LATTICE SEMICONDUCTOR CORP,technology
YETI,YETI HOLDINGS INC,consumer-cyclical
HALO,HALOZYME THERAPEUTICS INC,healthcare
NEO,NEOGENOMICS INC,healthcare
HELE,HELEN OF TROY LTD,consumer-cyclical
APPN,APPIAN CORP CLASS A,technology
NVTA,INVITAE CORP,healthcare
SLAB,SILICON LABORATORIES INC,technology
DNLI,DENALI THERAPEUTICS INC,healthcare
BEPC,BROOKFIELD RENEWABLE SUBORDINATE V,utilities
FRPT,FRESHPET INC,consumer-defensive
VAC,MARRIOTT VACATIONS WORLDWIDE CORP,consumer-cyclical
EGP,EASTGROUP PROPERTIES REIT INC,real-estate
CLF,CLEVELAND CLIFFS INC,basic-materials
BRKS,BROOKS AUTOMATION INC,technology
TXRH,TEXAS ROADHOUSE INC,consumer-cyclical
BJ,BJS WHOLESALE CLUB HOLDINGS INC,consumer-defensive
KNSL,KINSALE CAPITAL GROUP INC,financial-services
SF,STIFEL FINANCIAL CORP,financial-services
SSB,SOUTH STATE CORP,financial-services
VRNS,VARONIS SYSTEMS INC,technology
HQY,HEALTHEQUITY INC,healthcare
SAIL,SAILPOINT TECHNOLOGIES HOLDINGS IN,technology
EME,EMCOR GROUP INC,industrials
INSP,INSPIRE MEDICAL SYSTEMS INC,healthcare
ESNT,ESSENT GROUP LTD,financial-services
OMCL,OMNICELL INC,healthcare
APPS,DIGITAL TURBINE INC,technology
SAIA,SAIA INC,industrials
TWST,TWIST BIOSCIENCE CORP,healthcare
BBIO,BRIDGEBIO PHARMA INC,healthcare
TPTX,TURNING POINT THERAPEUTICS INC,healthcare
SMTC,SEMTECH CORP,technology
FFIN,FIRST FINANCIAL BANKSHARES INC,financial-services
STAG,STAG INDUSTRIAL REIT INC,real-estate
BLDR,BUILDERS FIRSTSOURCE INC,industrials
POWI,POWER INTEGRATIONS INC,technology
KOD,KODIAK SCIENCES INC,healthcare
RXN,REXNORD CORP,industrials
RAMP,LIVERAMP HOLDINGS INC,technology
EXPO,EXPONENT INC,industrials
MMS,MAXIMUS INC,technology
WMS,ADVANCED DRAINAGE SYSTEMS INC,industrials
ROLL,RBC BEARINGS INC,industrials
ALRM,ALARM.COM HOLDINGS INC,technology
HASI,HANNON ARMSTRONG SUSTAINABLE INFRA,financial-services
ENV,ENVESTNET INC,technology
BHVN,BIOHAVEN PHARMACEUTICAL HOLDING CO,healthcare
GBCI,GLACIER BANCORP INC,financial-services
ACIW,ACI WORLDWIDE INC,technology
EBS,EMERGENT BIOSOLUTIONS INC,healthcare
RPD,RAPID7 INC,technology
ASGN,ASGN INC,industrials
CROX,CROCS INC,consumer-cyclical
NOVT,NOVANTA INC,technology
PRLB,PROTO LABS INC,industrials
WING,WINGSTOP INC,consumer-cyclical
IRDM,IRIDIUM COMMUNICATIONS INC,communication-services
JCOM,J2 GLOBAL INC,technology
RLI,RLI CORP,financial-services
CCMP,CMC MATERIALS INC,technology
NEOG,NEOGEN CORP,healthcare
QLYS,QUALYS INC,technology
FOXF,FOX FACTORY HOLDING CORP,consumer-cyclical
SFIX,STITCH FIX INC CLASS A,consumer-cyclical
ARNA,ARENA PHARMACEUTICALS INC,healthcare
THC,TENET HEALTHCARE CORP,healthcare
LPX,LOUISIANA PACIFIC CORP,basic-materials
KBR,KBR INC,technology
PTCT,PTC THERAPEUTICS INC,healthcare
AA,ALCOA CORP,basic-materials
VRNT,VERINT SYSTEMS INC,technology
OGS,ONE GAS INC,utilities
IIPR,INNOVATIVE INDUSTRIAL PROPERTIES I,real-estate
SSD,SIMPSON MANUFACTURING INC,industrials
EDIT,EDITAS MEDICINE INC,healthcare
GTLS,CHART INDUSTRIES INC,industrials
SIGI,SELECTIVE INSURANCE GROUP INC,financial-services
HR,HEALTHCARE REALTY TRUST REIT INC,real-estate
LPSN,LIVEPERSON INC,technology
ENSG,ENSIGN GROUP INC,healthcare
OVV,OVINTIV INC,energy
PNM,PNM RESOURCES INC,utilities
VLY,VALLEY NATIONAL,financial-services
MEDP,MEDPACE HOLDINGS INC,healthcare
QTS,QTS REALTY REIT INC TRUST CLASS A,real-estate
BXMT,BLACKSTONE MORTGAGE TRUST REIT CLA,financial-services
UBSI,UNITED BANKSHARES INC,financial-services
PRG,PROG HOLDINGS INC,financial-services
TRNO,TERRENO REALTY REIT CORP,real-estate
RDN,RADIAN GROUP INC,financial-services
BKH,BLACK HILLS CORP,utilities
INSM,INSMED INC,healthcare
POR,PORTLAND GENERAL ELECTRIC,utilities
JBT,JOHN BEAN TECHNOLOGIES CORP,industrials
DOC,PHYSICIANS REALTY TRUST REIT,real-estate
AEIS,ADVANCED ENERGY INDUSTRIES INC,technology
MTZ,MASTEC INC,industrials
UPWK,UPWORK INC,industrials
CRNC,CERENCE INC,technology
SPSC,SPS COMMERCE INC,technology
FGEN,FIBROGEN INC,healthcare
WCC,WESCO INTERNATIONAL INC,industrials
CNNE,CANNAE HOLDINGS INC,financial-services
TENB,TENABLE HOLDINGS INC,technology
X,US STEEL CORP,basic-materials
CDLX,CARDLYTICS INC,communication-services
EYE,NATIONAL VISION HOLDINGS INC,consumer-cyclical
WDFC,WD-40,consumer-defensive
BCPC,BALCHEM CORP,basic-materials
AVNT,AVIENT CORP,basic-materials
SBRA,SABRA HEALTH CARE REIT INC,real-estate
MUSA,MURPHY USA INC,consumer-cyclical
CIT,CIT GROUP INC,financial-services
STMP,STAMPS.COM INC,consumer-cyclical
WSC,WILLSCOT MOBILE MINI HOLDINGS CORP,industrials
ENS,ENERSYS,industrials
HLI,HOULIHAN LOKEY INC CLASS A,financial-services
PACB,PACIFIC BIOSCIENCES OF CALIFORNIA,healthcare
ITRI,ITRON INC,technology
TRUP,TRUPANION INC,financial-services
STAA,STAAR SURGICAL,healthcare
BCO,BRINKS,industrials
WK,WORKIVA INC CLASS A,technology
VC,VISTEON CORP,consumer-cyclical
BYD,BOYD GAMING CORP,consumer-cyclical
ADC,AGREE REALTY REIT CORP,real-estate
BMCH,BMC STOCK HOLDINGS INC,industrials
TMHC,TAYLOR MORRISON HOME CORP,consumer-cyclical
BAND,BANDWIDTH INC CLASS A,communication-services
ORA,ORMAT TECH INC,utilities
AIMC,ALTRA INDUSTRIAL MOTION CORP,industrials
SWX,SOUTHWEST GAS HOLDINGS INC,utilities
ALLK,ALLAKOS INC,healthcare
TNET,TRINET GROUP INCINARY,industrials
UFPI,UFP INDUSTRIES INC,industrials
LIVN,LIVANOVA PLC,healthcare
FORM,FORMFACTOR INC,technology
CDNA,CAREDX INC,healthcare
LCII,LCI INDUSTRIES,consumer-cyclical
NJR,NEW JERSEY RESOURCES CORP,utilities
EGHT,8X8 INC,technology
KWR,QUAKER CHEMICAL CORP,basic-materials
PRSP,PERSPECTA INC,technology
PCH,POTLATCHDELTIC CORP,real-estate
MTH,MERITAGE CORP,consumer-cyclical
LANC,LANCASTER COLONY CORP,consumer-defensive
SR,SPIRE INC,utilities
VIAV,VIAVI SOLUTIONS INC,technology
CBU,COMMUNITY BANK SYSTEM INC,financial-services
CBRL,CRACKER BARREL OLD COUNTRY STORE I,consumer-cyclical
APLS,APELLIS PHARMACEUTICALS INC,healthcare
WTS,WATTS WATER TECHNOLOGIES INC CLASS,industrials
AMN,AMN HEALTHCARE INC,healthcare
CNO,CNO FINANCIAL GROUP INC,financial-services
FELE,FRANKLIN ELECTRIC INC,industrials
HL,HECLA MINING,basic-materials
VG,VONAGE HOLDINGS CORP,communication-services
SHAK,SHAKE SHACK INC CLASS A,consumer-cyclical
CVET,COVETRUS INC,healthcare
ONEM,1LIFE HEALTHCARE INC,healthcare
UNF,UNIFIRST CORP,industrials
ALE,ALLETE INC,utilities
SXT,SENSIENT TECHNOLOGIES CORP,basic-materials
KBH,KB HOME,consumer-cyclical
NSP,INSPERITY INC,industrials
ADNT,ADIENT PLC,consumer-cyclical
MIME,MIMECAST LTD,technology
KTOS,KRATOS DEFENSE AND SECURITY SOLUTI,industrials
RHP,RYMAN HOSPITALITY PROPERTIES REIT,real-estate
GKOS,GLAUKOS CORP,healthcare
KMT,KENNAMETAL INC,industrials
NSTG,NANOSTRING TECHNOLOGIES INC,healthcare
AIT,APPLIED INDUSTRIAL TECHNOLOGIES IN,industrials
AJRD,AEROJET ROCKETDYNE HOLDINGS INC,industrials
CWST,CASELLA WASTE SYSTEMS INC CLASS A,industrials
NHI,NATIONAL HEALTH INVESTORS REIT INC,real-estate
CCXI,CHEMOCENTRYX INC,healthcare
CARG,CARGURUS INC CLASS A,communication-services
CNMD,CONMED CORP,healthcare
NGVT,INGEVITY CORP,basic-materials
UMBF,UMB FINANCIAL CORP,financial-services
TRTN,TRITON INTERNATIONAL LTD,industrials
HMSY,HMS HOLDINGS CORP,healthcare
HOMB,HOME BANCSHARES INC,financial-services
TCBI,TEXAS CAPITAL BANCSHARES INC,financial-services
PZZA,PAPA JOHNS INTERNATIONAL INC,consumer-cyclical
FCFS,FIRSTCASH INC,financial-services
LXP,LEXINGTON REALTY TRUST REIT,real-estate
TGNA,TEGNA INC,communication-services
SEM,SELECT MEDICAL HOLDINGS CORP,healthcare
M,MACYS INC,consumer-cyclical
AMBA,AMBARELLA INC,technology
CMD,CANTEL MEDICAL CORP,healthcare
SVMK,SVMK INC,technology
MMSI,MERIT MEDICAL SYSTEMS INC,healthcare
BKU,BANKUNITED INC,financial-services
DIOD,DIODES INC,technology
AEO,AMERICAN EAGLE OUTFITTERS INC,consumer-cyclical
AWR,AMERICAN STATES WATER,utilities
BEAM,BEAM THERAPEUTICS INC,healthcare
GATX,GATX CORP,industrials
ARNC,ARCONIC CORP,basic-materials
EXLS,EXLSERVICE HOLDINGS INC,technology
APPF,APPFOLIO INC CLASS A,technology
NWE,NORTHWESTERN CORP,utilities
ROG,ROGERS CORP,technology
SWAV,SHOCKWAVE MEDICAL INC,healthcare
DAN,DANA INCORPORATED INC,consumer-cyclical
HWC,HANCOCK WHITNEY CORP,financial-services
REZI,RESIDEO TECHNOLOGIES INC,industrials
CSOD,CORNERSTONE ONDEMAND INC,technology
FN,FABRINET,technology
SYNA,SYNAPTICS INC,technology
FHI,FEDERATED HERMES INC CLASS B,financial-services
SHOO,STEVEN MADDEN LTD,consumer-cyclical
HI,HILLENBRAND INC,industrials
BXS,BANCORPSOUTH,financial-services
NTLA,INTELLIA THERAPEUTICS INC,healthcare
BLKB,BLACKBAUD INC,technology
APAM,ARTISAN PARTNERS ASSET MANAGEMENT,financial-services
ACIA,ACACIA COMMUNICATIONS INC,technology
VCYT,VERACYTE INC,healthcare
ABG,ASBURY AUTOMOTIVE GROUP INC.,consumer-cyclical
PFSI,PENNYMAC FINANCIAL SERVICES INC,financial-services
FUL,HB FULLER,basic-materials
PDCO,PATTERSON COMPANIES INC,healthcare
BOX,BOX INC CLASS A,technology
ABM,ABM INDUSTRIES INC,industrials
OSTK,OVERSTOCK COM INC,consumer-cyclical
SAFM,SANDERSON FARMS INC,consumer-defensive
FCEL,FUELCELL ENERGY INC,industrials
AVA,AVISTA CORP,utilities
ITGR,INTEGER HOLDINGS CORP,healthcare
VSH,VISHAY INTERTECHNOLOGY INC,technology
NUVA,NUVASIVE INC,healthcare
BMI,BADGER METER INC,technology
AAON,AAON INC,industrials
GDOT,GREEN DOT CORP CLASS A,financial-services
CWT,CALIFORNIA WATER SERVICE GROUP,utilities
MDC,MDC HOLDINGS INC,consumer-cyclical
ACA,ARCOSA INC,industrials
EBC,EASTERN BANKSHARES INC,financial-services
NSIT,INSIGHT ENTERPRISES INC,technology
PSB,PS BUSINESS PARKS REIT INC,real-estate
CHX,CHAMPIONX CORP,energy
HLNE,HAMILTON LANE INC CLASS A,financial-services
MGEE,MGE ENERGY INC,utilities
CWEN,CLEARWAY ENERGY INC CLASS C,utilities
CLDR,CLOUDERA INC,technology
CCOI,COGENT COMMUNICATIONS HOLDINGS INC,communication-services
CORT,CORCEPT THERAPEUTICS INC,healthcare
HGV,HILTON GRAND VACATIONS INC,consumer-cyclical
WD,WALKER & DUNLOP INC,financial-services
ESE,ESCO TECHNOLOGIES INC,industrials
SCL,STEPAN,basic-materials
PCRX,PACIRA BIOSCIENCES INC,healthcare
AUB,ATLANTIC UNION BANKSHARES CORP,financial-services
LGIH,LGI HOMES INC,consumer-cyclical
SAVE,SPIRIT AIRLINES INC,industrials
EVTC,EVERTEC INC,technology
MGNI,MAGNITE INC,consumer-cyclical
FLOW,SPX FLOW INC,industrials
ALTR,ALTAIR ENGINEERING INC CLASS A,technology
WWW,WOLVERINE WORLD WIDE INC,consumer-cyclical
APG,API GROUP CORP,industrials
CVBF,CVB FINANCIAL CORP,financial-services
REGI,RENEWABLE ENERGY INC,energy
XNCR,XENCOR INC,healthcare
MATX,MATSON INC,industrials
NG,NOVAGOLD RESOURCES INC,basic-materials
RCM,R1 RCM INC,healthcare
ESGR,ENSTAR GROUP LTD,financial-services
CNX,CNX RESOURCES CORP,energy
ONB,OLD NATIONAL BANCORP,financial-services
PRMW,PRIMO WATER CORP,consumer-defensive
LTHM,LIVENT CORP,basic-materials
DOOR,MASONITE INTERNATIONAL CORP,industrials
ABCB,AMERIS BANCORP,financial-services
EAT,BRINKER INTERNATIONAL INC,consumer-cyclical
IBP,INSTALLED BUILDING PRODUCTS INC,consumer-cyclical
WERN,WERNER ENTERPRISES INC,industrials
MTSI,MACOM TECHNOLOGY SOLUTIONS INC,technology
BEAT,BIOTELEMETRY INC,healthcare
GT,GOODYEAR TIRE & RUBBER,consumer-cyclical
SDGR,SCHRODINGER INC,healthcare
ATRC,ATRICURE INC,healthcare
PEB,PEBBLEBROOK HOTEL TRUST REIT,real-estate
B,BARNES GROUP INC,industrials
MC,MOELIS CLASS A,financial-services
CMC,COMMERCIAL METALS,basic-materials
MOGA,MOOG INC CLASS A,industrials
DORM,DORMAN PRODUCTS INC,consumer-cyclical
BBBY,BED BATH AND BEYOND INC,consumer-cyclical
TEX,TEREX CORP,industrials
ARVN,ARVINAS INC,healthcare
KAR,KAR AUCTION SERVICES INC,industrials
ISBC,INVESTORS BANCORP INC,financial-services
CDE,COEUR MINING INC,basic-materials
STRA,STRATEGIC EDUCATION INC,consumer-cyclical
INDB,INDEPENDENT BANK CORP,financial-services
KFY,KORN FERRY,industrials
SHO,SUNSTONE HOTEL INVESTORS REIT INC,real-estate
ROCK,GIBRALTAR INDUSTRIES INC,industrials
PPBI,PACFIC PREMIER BANCORP INC,financial-services
CLNY,COLONY CAPITAL INC CLASS A,real-estate
BE,BLOOM ENERGY CLASS A CORP,industrials
NGHC,NATIONAL GENERAL HOLDINGS CORP,financial-services
MXL,MAXLINEAR INC,technology
SGMS,SCIENTIFIC GAMES CORP,consumer-cyclical
CATY,CATHAY GENERAL BANCORP,financial-services
JJSF,J AND J SNACK FOODS CORP,consumer-defensive
AQUA,EVOQUA WATER TECHNOLOGIES CORP,industrials
BRC,BRADY NONVOTING CORP CLASS A,industrials
IBTX,INDEPENDENT BANK GROUP INC,financial-services
ELY,CALLAWAY GOLF,consumer-cyclical
FLR,FLUOR CORP,industrials
KURA,KURA ONCOLOGY INC,healthcare
AIN,ALBANY INTERNATIONAL CORP CLASS A,industrials
IRBT,IROBOT CORP,consumer-cyclical
COLB,COLUMBIA BANKING SYSTEM INC,financial-services
PLXS,PLEXUS CORP,technology
ALGT,ALLEGIANT TRAVEL,industrials
AVNS,AVANOS MEDICAL INC,healthcare
MANT,MANTECH INTERNATIONAL CORP CLASS A,technology
MED,MEDIFAST INC,consumer-defensive
COOP,MR COOPER GROUP INC,financial-services
SPXC,SPX CORP,industrials
NOVA,SUNNOVA ENERGY INTERNATIONAL INC,utilities
RLJ,RLJ LODGING TRUST REIT,real-estate
AEL,AMERICAN EQUITY INVESTMENT LIFE HO,financial-services
CVLT,COMMVAULT SYSTEMS INC,technology
ONTO,ONTO INNOVATION INC,technology
SJI,S JERSEY INDS INC,utilities
SNBR,SLEEP NUMBER CORP,consumer-cyclical
SUM,SUMMIT MATERIALS INC CLASS A,basic-materials
TPH,TRI POINTE GROUP INC,consumer-cyclical
MSTR,MICROSTRATEGY INC CLASS A,technology
MDRX,ALLSCRIPTS HEALTHCARE SOLUTIONS IN,healthcare
NAV,NAVISTAR INTERNATIONAL CORP,industrials
NSA,NATIONAL STORAGE AFFILIATES TRUST,real-estate
SMPL,THE SIMPLY GOOD FOODS COMPANY,consumer-defensive
BIPC,BROOKFIELD INFRASTRUCTURE CORP CLA,utilities
UNIT,UNITI GROUP INC,real-estate
EPAY,BOTTOMLINE TECHNOLOGIES INC,technology
ARCT,ARCTURUS THERAPEUTICS HOLDINGS INC,healthcare
AXSM,AXSOME THERAPEUTICS INC,healthcare
DY,DYCOM INDUSTRIES INC,industrials
CTRE,CARETRUST REIT INC,real-estate
IOSP,INNOSPEC INC,basic-materials
KTB,KONTOOR BRANDS INC,consumer-cyclical
GNW,GENWORTH FINANCIAL A INC,financial-services
THRM,GENTHERM INC,consumer-cyclical
XPER,XPERI HOLDING CORP,technology
FWRD,FORWARD AIR CORP,industrials
EPRT,ESSENTIAL PROPERTIES REALTY TRUST,real-estate
AX,AXOS FINANCIAL INC,financial-services
BECN,BEACON ROOFING SUPPLY INC,industrials
SHEN,SHENANDOAH TELECOMMUNICATIONS,communication-services
WSFS,WSFS FINANCIAL CORP,financial-services
KW,KENNEDY WILSON HOLDINGS INC,real-estate
PSMT,PRICESMART INC,consumer-defensive
SANM,SANMINA CORP,technology
DCPH,DECIPHERA PHARMACEUTICALS INC,healthcare
JACK,JACK IN THE BOX INC,consumer-cyclical
SWN,SOUTHWESTERN ENERGY,energy
CMP,COMPASS MINERALS INTERNATIONAL INC,basic-materials
OMI,OWENS & MINOR INC,healthcare
FULT,FULTON FINANCIAL CORP,financial-services
MLHR,HERMAN MILLER INC,industrials
GPI,GROUP AUTOMOTIVE INC,consumer-cyclical
MAXR,MAXAR TECHNOLOGIES INC,industrials
MTX,MINERALS TECHNOLOGIES INC,basic-materials
HCSG,HEALTHCARE SERVICES INC,industrials
SFNC,SIMMONS FIRST NATIONAL CORP CLASS,financial-services
FCPT,FOUR CORNERS PROPERTY INC TRUST,real-estate
ATI,ALLEGHENY TECHNOLOGIES INC,basic-materials
RMBS,RAMBUS INC,technology
CIM,CHIMERA INVESTMENT CORP,financial-services
YELP,YELP INC,communication-services
PDM,PIEDMONT OFFICE REALTY TRUST REIT,real-estate
SKYW,SKYWEST INC,industrials
FRME,FIRST MERCHANTS CORP,financial-services
ATKR,ATKORE INTERNATIONAL GROUP INC,industrials
WKHS,WORKHORSE GROUP INC,consumer-cyclical
HTH,HILLTOP HOLDINGS INC,financial-services
SFBS,SERVISFIRST BANCSHARES INC,financial-services
FSS,FEDERAL SIGNAL CORP,industrials
WAFD,WASHINGTON FEDERAL INC,financial-services
MLI,MUELLER INDUSTRIES INC,industrials
PRGS,PROGRESS SOFTWARE CORP,technology
UCBI,UNITED COMMUNITY BANKS INC,financial-services
SONO,SONOS INC,consumer-cyclical
IBOC,INTERNATIONAL BANCSHARES CORP,financial-services
SPWR,SUNPOWER CORP,technology
EPC,EDGEWELL PERSONAL CARE,consumer-defensive
MTOR,MERITOR INC,industrials
NTCT,NETSCOUT SYSTEMS INC,technology
WGO,WINNEBAGO INDUSTRIES INC,consumer-cyclical
IDCC,INTERDIGITAL INC,technology
WSBC,WESBANCO INC,financial-services
NMIH,NMI HOLDINGS INC CLASS A,financial-services
CTB,COOPER TIRE AND RUBBER,consumer-cyclical
BCC,BOISE CASCADE,basic-materials
FIX,COMFORT SYSTEMS USA INC,industrials
PRO,PROS HOLDINGS INC,technology
INT,WORLD FUEL SERVICES CORP,energy
PDCE,PDC ENERGY INC,energy
ITCI,INTRA CELLULAR THERAPIES INC,healthcare
MGLN,MAGELLAN HEALTH INC,healthcare
IRWD,IRONWOOD PHARMA INC CLASS A,healthcare
CAR,AVIS BUDGET GROUP INC,industrials
BGS,B AND G FOODS INC,consumer-defensive
EXPI,EXP WORLD HOLDINGS INC,real-estate
HUBG,HUB GROUP INC CLASS A,industrials
MWA,MUELLER WATER PRODUCTS INC SERIES,industrials
SVC,SERVICE PROPERTIES TRUST,real-estate
CUB,CUBIC CORP,industrials
IMVT,IMMUNOVANT INC,healthcare
URBN,URBAN OUTFITTERS INC,consumer-cyclical
ATSG,AIR TRANSPORT SERVICES GROUP INC,industrials
AVAV,AEROVIRONMENT INC,industrials
EHTH,EHEALTH INC,financial-services
FBP,FIRST BANCORP,financial-services
RCKT,ROCKET PHARMACEUTICALS INC,healthcare
RPAI,RETAIL PROPERTIES OF AMERICA REIT,real-estate
SRNE,SORRENTO THERAPEUTICS INC,healthcare
INFN,INFINERA CORP,technology
OPK,OPKO HEALTH INC,healthcare
FBC,FLAGSTAR BANCORP INC,financial-services
CNS,COHEN & STEERS INC,financial-services
TSE,TRINSEO,basic-materials
BDC,BELDEN INC,technology
CPK,CHESAPEAKE UTILITIES CORP,utilities
VRRM,VERRA MOBILITY CORP CLASS A,technology
PHR,PHREESIA INC,healthcare
PBH,PRESTIGE CONSUMER HEALTHCARE INC,healthcare
SJW,SJW GROUP,utilities
OI,O I GLASS INC,basic-materials
WRE,WASHINGTON REAL ESTATE INVESTMENT,real-estate
PIPR,PIPER SANDLER COMPANIES,financial-services
FIT,FITBIT INC CLASS A,technology
PLMR,PALOMAR HOLDINGS INC,financial-services
WOR,WORTHINGTON INDUSTRIES INC,basic-materials
PRAA,PRA GROUP INC,financial-services
VGR,VECTOR GROUP LTD,consumer-defensive
MD,MEDNAX INC,healthcare
SWTX,SPRINGWORKS THERAPEUTICS INC,healthcare
PJT,PJT PARTNERS INC CLASS A,financial-services
TWO,TWO HARBORS INVESTMENT REIT CORP,financial-services
LILAK,LIBERTY LATIN AMERICA LTD CLASS C,communication-services
UFS,DOMTAR CORP,basic-materials
DEA,EASTERLY GOVERNMENT PROPERTIES INC,real-estate
LZB,LA-Z-BOY INC,consumer-cyclical
ATGE,ADTALEM GLOBAL EDUCATION INC,consumer-cyclical
VICR,VICOR CORP,industrials
MFA,MFA FINANCIAL REIT INC,financial-services
BIG,BIG LOTS INC,consumer-cyclical
TWNK,HOSTESS BRANDS INC CLASS A,consumer-defensive
CVCO,CAVCO INDUSTRIES INC,consumer-cyclical
CADE,CADENCE BANCORPORATION CLASS A,financial-services
TRMK,TRUSTMARK CORP,financial-services
OTTR,OTTER TAIL CORP,utilities
CNK,CINEMARK HOLDINGS INC,communication-services
NAVI,NAVIENT CORP,financial-services
PMT,PENNYMAC MORTGAGE INVESTMENT TRUST,financial-services
PRSC,PROVIDENCE SERVICE CORP,healthcare
TBIO,TRANSLATE BIO INC,healthcare
RCII,RENT-A-CENTER INC,consumer-cyclical
RLGY,REALOGY HOLDINGS CORP,real-estate
EGOV,NIC INC,technology
GSHD,GOOSEHEAD INSURANCE INC CLASS A,financial-services
DOMO,DOMO INC CLASS B,technology
ADUS,ADDUS HOMECARE CORP,healthcare
CYRX,CRYOPORT INC,healthcare
RVNC,REVANCE THERAPEUTICS INC,healthcare
VVNT,VIVINT SMART HOME INC CLASS A,consumer-cyclical
HMN,HORACE MANN EDUCATORS CORP,financial-services
CSII,CARDIOVASCULAR SYSTEMS INC,healthcare
VIR,VIR BIOTECHNOLOGY INC,healthcare
FIBK,FIRST INTERSTATE BANCSYSTEM INC CL,financial-services
SKY,SKYLINE CHAMPION CORP,consumer-cyclical
RNST,RENASANT CORP,financial-services
RUSHA,RUSH ENTERPRISES INC CLASS A,industrials
CWK,CUSHMAN AND WAKEFIELD PLC,real-estate
INO,INOVIO PHARMACEUTICALS INC,healthcare
CALX,CALIX NETWORKS INC,technology
HLIO,HELIOS TECHNOLOGIES INC,industrials
KRTX,KARUNA THERAPEUTICS INC,healthcare
SGMO,SANGAMO THERAPEUTICS INC,healthcare
XHR,XENIA HOTELS RESORTS REIT INC,real-estate
YEXT,YEXT INC,technology
SILK,SILK ROAD MEDICAL INC,healthcare
YMAB,Y MABS THERAPEUTICS INC,healthcare
HRTX,HERON THERAPEUTICS INC,healthcare
JELD,JELD WEN HOLDING INC,industrials
ATRA,ATARA BIOTHERAPEUTICS INC,healthcare
MNRO,MONRO INC,consumer-cyclical
ABR,ARBOR REALTY TRUST REIT INC,financial-services
ARI,APOLLO COMMERCIAL REAL ESTATE FINA,financial-services
RRR,RED ROCK RESORTS ORS CLASS A INC,consumer-cyclical
BLMN,BLOOMIN BRANDS INC,consumer-cyclical
IGT,INTERNATIONAL GAME TECHNOLOGY PLC,consumer-cyclical
MNR,MONMOUTH REAL ESTATE INVESTMENT RE,real-estate
LAUR,LAUREATE EDUCATION INC CLASS A,consumer-cyclical
AMWD,AMERICAN WOODMARK CORP,industrials
RPAY,REPAY HOLDINGS CORP CLASS A,technology
KAI,KADANT INC,industrials
CMPR,CIMPRESS PLC,industrials
KN,KNOWLES CORP,technology
AVYA,AVAYA HOLDINGS CORP,technology
PNTG,PENNANT GROUP INC,healthcare
PRFT,PERFICIENT INC,technology
CXP,COLUMBIA PROPERTY REIT INC TRUST,real-estate
TOWN,TOWNEBANK,financial-services
FMBI,FIRST MIDWEST BANCORP INC,financial-services
MGRC,MCGRATH RENT,industrials
CAKE,CHEESECAKE FACTORY INC,consumer-cyclical
RVMD,REVOLUTION MEDICINES INC,healthcare
NTB,BANK OF NT BUTTERFIELD & SON LTD,financial-services
SEAS,SEAWORLD ENTERTAINMENT INC,consumer-cyclical
DRH,DIAMONDROCK HOSPITALITY REIT,real-estate
FFBC,FIRST FINANCIAL BANCORP,financial-services
MAC,MACERICH REIT,real-estate
CFFN,CAPITOL FEDERAL FINANCIAL INC,financial-services
UE,URBAN EDGE PROPERTIES,real-estate
NPO,ENPRO INDUSTRIES INC,industrials
COHU,COHU INC,technology
TPIC,TPI COMPOSITES INC,industrials
PATK,PATRICK INDUSTRIES INC,consumer-cyclical
RLAY,RELAY THERAPEUTICS INC,healthcare
CVA,COVANTA HOLDING CORP,industrials
SITC,SITE CENTERS CORP,real-estate
KAMN,KAMAN CORP,industrials
LTC,LTC PROPERTIES REIT INC,real-estate
WDR,WADDELL AND REED FINANCIAL INC CLA,financial-services
GNL,GLOBAL NET LEASE INC,real-estate
OSIS,OSI SYSTEMS INC,technology
TUP,TUPPERWARE BRANDS CORP,consumer-cyclical
SSTK,SHUTTERSTOCK INC,consumer-cyclical
RGNX,REGENXBIO INC,healthcare
VRTS,VIRTUS INVESTMENT PARTNERS INC,financial-services
ROIC,RETAIL OPPORTUNITY INVESTMENTS REI,real-estate
ILPT,INDUSTRIAL LOGISTICS PROPERTIES TR,real-estate
BCRX,BIOCRYST PHARMACEUTICALS INC,healthcare
AMKR,AMKOR TECHNOLOGY INC,technology
USPH,US PHYSICAL THERAPY INC,healthcare
NWN,NORTHWEST NATURAL HOLDING COMPANY,utilities
CSWI,CSW INDUSTRIALS INC,industrials
HRI,HERC HOLDINGS INC,industrials
WBT,WELBILT INC,industrials
GTN,GRAY TELEVISION INC,communication-services
CSGS,CSG SYSTEMS INTERNATIONAL INC,technology
HNI,HNI CORP,industrials
SYKE,SYKES ENTERPRISES INC,technology
RRC,RANGE RESOURCES CORP,energy
ODP,ODP CORP,consumer-cyclical
SASR,SANDY SPRING BANCORP INC,financial-services
AXNX,AXONICS MODULATION TECHNOLOGIES IN,healthcare
DRNA,DICERNA PHARMACEUTICALS INC,healthcare
KALU,KAISER ALUMINIUM CORP,basic-materials
VRTU,VIRTUSA CORP,technology
ALLO,ALLOGENE THERAPEUTICS INC,healthcare
OCUL,OCULAR THERAPEUTIX INC,healthcare
SPT,SPROUT SOCIAL INC CLASS A,technology
SBCF,SEACOAST BANKING OF FLORIDA,financial-services
FOCS,FOCUS FINANCIAL PARTNERS INC CLASS,financial-services
JRVR,JAMES RIVER GROUP HOLDINGS LTD,financial-services
PRK,PARK NATIONAL CORP,financial-services
JOE,ST JOE,real-estate
HTLF,HEARTLAND FINANCIAL USA INC,financial-services
ZNTL,ZENTALIS PHARMACEUTICALS INC,healthcare
AAWW,ATLAS AIR WORLDWIDE HOLDINGS INC,industrials
AAT,AMERICAN ASSETS TRUST REIT INC,real-estate
GRWG,GROWGENERATION CORP,consumer-cyclical
LGND,LIGAND PHARMACEUTICALS INC,healthcare
TTEC,TTEC HOLDINGS INC,technology
CYTK,CYTOKINETICS INC,healthcare
LOB,LIVE OAK BANCSHARES INC,financial-services
ARGO,ARGO GROUP INTERNATIONAL HOLDINGS,financial-services
GLUU,GLU MOBILE INC,communication-services
IMGN,IMMUNOGEN INC,healthcare
HCAT,HEALTH CATALYST INC,healthcare
SIG,SIGNET JEWELERS LTD,consumer-cyclical
GOLF,ACUSHNET HOLDINGS CORP,consumer-cyclical
ICFI,ICF INTERNATIONAL INC,industrials
CCS,CENTURY COMMUNITIES INC,consumer-cyclical
RIG,TRANSOCEAN LTD,energy
MEI,METHODE ELECTRONICS INC,technology
SBH,SALLY BEAUTY HOLDINGS INC,consumer-cyclical
CENTA,CENTRAL GARDEN AND PET CLASS A,consumer-defensive
ALG,ALAMO GROUP INC,industrials
CELH,CELSIUS HOLDINGS INC,consumer-defensive
MRSN,MERSANA THERAPEUTICS INC,healthcare
CORE,CORE MARK HOLDING INC,consumer-cyclical
NYMT,NEW YORK MORTGAGE TRUST REIT INC,financial-services
INOV,INOVALON HOLDINGS INC CLASS A,healthcare
TTGT,TECHTARGET INC,communication-services
RCUS,ARCUS BIOSCIENCES INC,healthcare
AR,ANTERO RESOURCES CORP,energy
MGNX,MACROGENICS INC,healthcare
TVTX,TRAVERE THERAPEUTICS INC,healthcare
LNN,LINDSAY CORP,industrials
MTDR,MATADOR RESOURCES,energy
MHO,M I HOMES INC,consumer-cyclical
TTMI,TTM TECHNOLOGIES INC,technology
CALM,CAL MAINE FOODS INC,consumer-defensive
HSC,HARSCO CORP,industrials
MBUU,MALIBU BOATS CLASS A INC,consumer-cyclical
MCRB,SERES THERAPEUTICS INC,healthcare
UCTT,ULTRA CLEAN HOLDINGS INC,technology
BRMK,BROADMARK REALTY CAPITAL INC,financial-services
MLAB,MESA LABORATORIES INC,healthcare
CBZ,CBIZ INC,industrials
LKFN,LAKELAND FINANCIAL CORP,financial-services
ASTE,ASTEC INDUSTRIES INC,industrials
BGCP,BGC PARTNERS INC CLASS A,financial-services
PRIM,PRIMORIS SERVICES CORP,industrials
CRS,CARPENTER TECHNOLOGY CORP,basic-materials
NWBI,NORTHWEST BANCSHARES INC,financial-services
TNC,TENNANT,industrials
EIDX,EIDOS THERAPEUTICS INC,healthcare
SMCI,SUPER MICRO COMPUTER INC,technology
WABC,WESTAMERICA BANCORPORATION,financial-services
DDD,3D SYSTEMS CORP,technology
HURN,HURON CONSULTING GROUP INC,industrials
NBTB,NBT BANCORP INC,financial-services
FARO,FARO TECHNOLOGIES INC,technology
SWM,SCHWEITZER MAUDUIT INTERNATIONAL I,basic-materials
BRP,BRP GROUP INC CLASS A,financial-services
BANR,BANNER CORP,financial-services
EGBN,EAGLE BANCORP INC,financial-services
COKE,COCA COLA CONSOLIDATED INC,consumer-defensive
ZUO,ZUORA INC CLASS A,technology
MYGN,MYRIAD GENETICS INC,healthcare
STC,STEWART INFO SERVICES CORP,financial-services
WHD,CACTUS INC CLASS A,energy
CATM,CARDTRONICS PLC CLASS A,technology
TRS,TRIMAS CORP,industrials
IRT,INDEPENDENCE REALTY INC TRUST,real-estate
WW,WW INTERNATIONAL INC,consumer-cyclical
MODN,MODEL N INC,technology
SBGI,SINCLAIR BROADCAST GROUP INC CLASS,communication-services
ENDP,ENDO INTERNATIONAL PLC,healthcare
MTRN,MATERION CORP,basic-materials
GVA,GRANITE CONSTRUCTION INC,industrials
SAFE,SAFEHOLD INC,real-estate
PLAY,DAVE AND BUSTERS ENTERTAINMENT INC,consumer-cyclical
ANF,ABERCROMBIE AND FITCH CLASS A,consumer-cyclical
TROX,TRONOX HOLDINGS PLC,basic-materials
PFS,PROVIDENT FINANCIAL SERVICES INC,financial-services
KRG,KITE REALTY GROUP TRUST REIT,real-estate
PAR,PAR TECHNOLOGY CORP,technology
VCRA,VOCERA COMMUNICATIONS INC,healthcare
AMRC,AMERESCO INC CLASS A,industrials
LASR,NLIGHT INC,technology
VCEL,VERICEL CORP,healthcare
MSEX,MIDDLESEX WATER,utilities
UVV,UNIVERSAL CORP,consumer-defensive
GMS,GMS INC,industrials
EPAC,ENERPAC TOOL GROUP CORP CLASS A,industrials
AZZ,AZZ INC,industrials
SRRK,SCHOLAR ROCK HOLDING CORP,healthcare
GEF,GREIF INC CLASS A,basic-materials
REAL,THE REALREAL INC,consumer-cyclical
UPLD,UPLAND SOFTWARE INC,technology
RAVN,RAVEN INDUSTRIES INC,industrials
VSTO,VISTA OUTDOOR INC,consumer-cyclical
NNI,NELNET INC CLASS A,financial-services
CVGW,CALAVO GROWERS INC,consumer-defensive
EB,EVENTBRITE CLASS A INC,communication-services
AKR,ACADIA REALTY TRUST REIT,real-estate
ECPG,ENCORE CAPITAL GROUP INC,financial-services
EVH,EVOLENT HEALTH INC CLASS A,healthcare
BSIG,BRIGHTSPHERE INVESTMENT GROUP INC,financial-services
PGTI,PGT INNOVATIONS INC,industrials
NTGR,NETGEAR INC,technology
ALEX,ALEXANDER & BALDWIN INC,real-estate
PLUS,EPLUS,technology
SCS,STEELCASE INC CLASS A,industrials
EVOP,EVO PAYMENTS INC CLASS A,technology
AIR,AAR CORP,industrials
HOPE,HOPE BANCORP INC,financial-services
CERS,CERUS CORP,healthcare
AMSF,AMERISAFE INC,financial-services
BOOT,BOOT BARN HOLDINGS INC,consumer-cyclical
VBTX,VERITEX HOLDINGS INC,financial-services
AROC,ARCHROCK INC,energy
OCFC,OCEANFIRST FINANCIAL CORP,financial-services
KPTI,KARYOPHARM THERAPEUTICS INC,healthcare
GBX,GREENBRIER INC,industrials
FOE,FERRO CORP,basic-materials
SAFT,SAFETY INSURANCE GROUP INC,financial-services
UIS,UNISYS CORP,technology
ECOL,US ECOLOGY INC,industrials
TBK,TRIUMPH BANCORP INC,financial-services
WIRE,ENCORE WIRE CORP,industrials
MTSC,MTS SYSTEMS CORP,technology
EVRI,EVERI HOLDINGS INC,consumer-cyclical
CASH,META FINANCIAL GROUP INC,financial-services
GCP,GCP APPLIED TECHNOLOGIES INC,basic-materials
DRQ,DRIL QUIP INC,energy
ARCB,ARCBEST CORP,industrials
CLI,MACK-CALI REALTY REIT CORP,real-estate
ZGNX,ZOGENIX INC,healthcare
OPI,OFFICE PROPERTIES INCOME TRUST,real-estate
EPZM,EPIZYME INC,healthcare
DLX,DELUXE CORP,industrials
CWENA,CLEARWAY ENERGY INC CLASS A,utilities
CTS,CTS CORP,technology
ADVM,ADVERUM BIOTECHNOLOGIES INC,healthcare
FBK,FB FINANCIAL CORP,financial-services
BUSE,FIRST BUSEY CORP,financial-services
NMRK,NEWMARK GROUP INC CLASS A,real-estate
GPRO,GOPRO INC CLASS A,consumer-cyclical
RGR,STURM RUGER INC,consumer-cyclical
PGNY,PROGYNY INC,healthcare
BANF,BANCFIRST CORP,financial-services
STAR,ISTAR REIT INC,real-estate
MRTN,MARTEN TRANSPORT LTD,industrials
SUPN,SUPERNUS PHARMACEUTICALS INC,healthcare
PING,PING IDENTITY HOLDING CORP,technology
CDXS,CODEXIS INC,healthcare
CNST,CONSTELLATION PHARMACEUTICALS INC,healthcare
LADR,LADDER CAPITAL CORP CLASS A,financial-services
LMNX,LUMINEX CORP,healthcare
NXGN,NEXTGEN HEALTHCARE INC,healthcare
ELF,ELF BEAUTY INC,consumer-defensive
QNST,QUINSTREET INC,communication-services
KROS,KEROS THERAPEUTICS INC,healthcare
IPAR,INTER PARFUMS INC,consumer-defensive
SITM,SITIME CORP,technology
DIN,DINE BRANDS GLOBAL INC,consumer-cyclical
CHRS,COHERUS BIOSCIENCES INC,healthcare
RAD,RITE AID CORP,consumer-defensive
MDGL,MADRIGAL PHARMACEUTICALS INC,healthcare
GEO,GEO GROUP REIT INC,real-estate
NKTX,NKARTA INC,healthcare
CHCT,COMMUNITY HEALTHCARE TRUST INC,real-estate
CHCO,CITY HOLDING,financial-services
GWB,GREAT WESTERN BANCORP INC,financial-services
HSKA,HESKA CORP,healthcare
DHC,DIVERSIFIED HEALTHCARE TRUST,real-estate
HCC,WARRIOR MET COAL INC,basic-materials
OXM,OXFORD INDUSTRIES INC,consumer-cyclical
BHE,BENCHMARK ELECTRONICS INC,technology
FIZZ,NATIONAL BEVERAGE CORP,consumer-defensive
TMP,TOMPKINS FINANCIAL CORP,financial-services
GNMK,GENMARK DIAGNOSTICS INC,healthcare
ACLS,AXCELIS TECHNOLOGIES INC,technology
PTEN,PATTERSON UTI ENERGY INC,energy
GIII,G III APPAREL GROUP LTD,consumer-cyclical
RWT,REDWOOD TRUST REIT INC,financial-services
LNTH,LANTHEUS HOLDINGS INC,healthcare
SBSI,SOUTHSIDE BANCSHARES INC,financial-services
GTY,GETTY REALTY REIT CORP,real-estate
BRBR,BELLRING BRANDS INC CLASS A,consumer-defensive
OEC,ORION ENGINEERED CARBONS SA,basic-materials
EBIX,EBIX INC,technology
SHYF,SHYFT GROUP INC,industrials
TGH,TEXTAINER GROUP HOLDINGS LTD,industrials
HEES,H AND E EQUIPMENT SERVICES INC,industrials
RYTM,RHYTHM PHARMACEUTICALS INC,healthcare
CWH,CAMPING WORLD HOLDINGS INC CLASS A,consumer-cyclical
SWBI,SMITH WESSON BRANDS INC,consumer-cyclical
MGY,MAGNOLIA OIL GAS CORP CLASS A,energy
MYRG,MYR GROUP INC,industrials
DK,DELEK US HOLDINGS INC,energy
LL,LUMBER LIQUIDATORS HOLDINGS INC,consumer-cyclical
PLOW,DOUGLAS DYNAMICS INC,industrials
TCBK,TRICO BANCSHARES,financial-services
INN,SUMMIT HOTEL PROPERTIES REIT INC,real-estate
SKT,TANGER FACTORY OUTLET CENTERS REIT,real-estate
INSG,INSEEGO CORP,technology
SNEX,STONEX GROUP INC,financial-services
QTRX,QUANTERIX CORP,healthcare
SXI,STANDEX INTERNATIONAL CORP,industrials
REPL,REPLIMUNE GROUP INC,healthcare
NP,NEENAH INC,basic-materials
CMCO,COLUMBUS MCKINNON CORP,industrials
WNC,WABASH NATIONAL CORP,industrials
AHCO,ADAPTHEALTH CORP CLASS A,healthcare
NXRT,NEXPOINT RESIDENTIAL TRUST INC,real-estate
KOS,KOSMOS ENERGY LTD,energy
TBPH,THERAVANCE BIOPHARMA INC,healthcare
PSNL,PERSONALIS INC,healthcare
SAH,SONIC AUTOMOTIVE INC CLASS A,consumer-cyclical
PRA,PROASSURANCE CORP,financial-services
GRPN,GROUPON INC,consumer-cyclical
SMP,STANDARD MOTOR PRODUCTS INC,consumer-cyclical
AMCX,AMC NETWORKS CLASS A INC,communication-services
SLP,SIMULATIONS PLUS INC,healthcare
ATRI,ATRION CORP,healthcare
LRN,STRIDE INC,consumer-cyclical
IRET,CENTERSPACE TRUST,real-estate
USNA,USANA HEALTH SCIENCES INC,consumer-defensive
GME,GAMESTOP CORP CLASS A,consumer-cyclical
FCF,FIRST COMMONWEALTH FINANCIAL CORP,financial-services
BATRK,LIBERTY MEDIA LIBERTY BRAVES CORP,communication-services
CRVL,CORVEL CORP,healthcare
NBHC,NATIONAL BANK HOLDINGS CORP CLASS,financial-services
RDUS,RADIUS HEALTH INC,healthcare
VECO,VEECO INSTRUMENTS INC,technology
VIVO,MERIDIAN BIOSCIENCE INC,healthcare
HTLD,HEARTLAND EXPRESS INC,industrials
OMER,OMEROS CORP,healthcare
MNKD,MANNKIND CORP,healthcare
PRDO,PERDOCEO EDUCATION CORP,consumer-cyclical
XPEL,XPEL INC,consumer-cyclical
AFIN,AMERICAN FIN INC TRUST CLASS A,real-estate
CXW,CORECIVIC REIT INC,real-estate
GFF,GRIFFON CORP,industrials
UNFI,UNITED NATURAL FOODS INC,consumer-defensive
MIK,MICHAELS COMPANIES INC,consumer-cyclical
UHT,UNIVERSAL HEALTH REALTY INCOME TRU,real-estate
FBNC,FIRST BANCORP,financial-services
BKE,BUCKLE INC,consumer-cyclical
DENN,DENNYS CORP,consumer-cyclical
EIG,EMPLOYERS HOLDINGS INC,financial-services
STBA,S AND T BANCORP INC,financial-services
PLT,PLANTRONICS INC,technology
HOME,AT HOME GROUP INC,consumer-cyclical
CEVA,CEVA INC,technology
MMI,MARCUS & MILLICHAP INC,real-estate
BRKL,BROOKLINE BANCORP INC,financial-services
EXTR,EXTREME NETWORKS INC,technology
KRNY,KEARNY FINANCIAL TEST CORP,financial-services
EFSC,ENTERPRISE FINANCIAL SERVICES CORP,financial-services
GLNG,GOLAR LNG LTD,energy
AXL,AMERICAN AXLE AND MANUFACTURING HO,consumer-cyclical
HNGR,HANGER INC,healthcare
APOG,APOGEE ENTERPRISES INC,industrials
MATW,MATTHEWS INTERNATIONAL CORP CLASS,industrials
NHC,NATIONAL HEALTHCARE CORP,healthcare
CARS,CARS.COM INC,communication-services
SIBN,SI BONE INC,healthcare
HA,HAWAIIAN HOLDINGS INC,industrials
PBI,PITNEY BOWES INC,industrials
KFRC,KFORCE INC,industrials
ENTA,ENANTA PHARMACEUTICALS INC,healthcare
TVTY,TIVITY HEALTH INC,healthcare
PRVB,PROVENTION BIO INC,healthcare
SI,SILVERGATE CAPITAL CLASS A CORP,financial-services
ENVA,ENOVA INTERNATIONAL INC,financial-services
KRA,KRATON CORP,basic-materials
CNDT,CONDUENT INC,technology
SSP,EW SCRIPPS CLASS A,communication-services
CRY,CRYOLIFE INC,healthcare
OFG,OFG BANCORP,financial-services
PFC,PREMIER FINANCIAL CORP,financial-services
ACCO,ACCO BRANDS CORP,industrials
SYBT,STOCK YARDS BANCORP INC,financial-services
DBD,DIEBOLD NIXDORF INC,technology
OII,OCEANEERING INTERNATIONAL INC,energy
BALY,BALLY S CORP,consumer-cyclical
NVEE,NV5 GLOBAL INC,industrials
ORIC,ORIC PHARMACEUTICALS INC,healthcare
FREQ,FREQUENCY THERAPEUTICS INC,healthcare
RESI,FRONT YARD RESIDENTIAL CORP,real-estate
RILY,B RILEY FINANCIAL INC,financial-services
PSN,PARSONS CORP,industrials
OSUR,ORASURE TECHNOLOGIES INC,healthcare
QUOT,QUOTIENT TECHNOLOGY INC,consumer-cyclical
CKH,SEACOR HOLDINGS INC,industrials
CCF,CHASE CORP,basic-materials
ATNX,ATHENEX INC,healthcare
ALXO,ALX ONCOLOGY HOLDINGS INC,healthcare
GABC,GERMAN AMERICAN BANCORP INC,financial-services
KRYS,KRYSTAL BIOTECH INC,healthcare
SCHN,SCHNITZER STEEL INDUSTRIES INC CLA,basic-materials
BKD,BROOKDALE SENIOR LIVING INC,healthcare
ZUMZ,ZUMIEZ INC,consumer-cyclical
WASH,WASHINGTON TRUST BANCORP INC,financial-services
BJRI,BJS RESTAURANTS INC,consumer-cyclical
INVA,INNOVIVA INC,healthcare
OFIX,ORTHOFIX MEDICAL INC,healthcare
AMBC,AMBAC FINANCIAL GROUP INC,financial-services
RDNT,RADNET INC,healthcare
IMAX,IMAX CORP,communication-services
FFWM,FIRST FOUNDATION INC,financial-services
FDP,FRESH DEL MONTE PRODUCE INC,consumer-defensive
SPNS,SAPIENS INTERNATIONAL NV,technology
HFWA,HERITAGE FINANCIAL CORP,financial-services
LBRT,LIBERTY OILFIELD SERVICES INC CLAS,energy
TPRE,THIRD POINT REINSURANCE LTD,financial-services
INGN,INOGEN INC,healthcare
GLDD,GREAT LAKES DREDGE AND DOCK CORP,industrials
VNDA,VANDA PHARMACEUTICALS INC,healthcare
TRHC,TABULA RASA HEALTHCARE INC,healthcare
VIE,VIELA BIO INC,healthcare
ATEC,ALPHATEC HOLDNGS INC,healthcare
SRI,STONERIDGE INC,consumer-cyclical
STOK,STOKE THERAPEUTICS INC,healthcare
HZO,MARINEMAX INC,consumer-cyclical
ROAD,CONSTRUCTION PARTNERS INC CLASS A,industrials
KDMN,KADMON INC,healthcare
QADA,QAD INC CLASS A,technology
MDP,MEREDITH CORP,communication-services
CHEF,CHEFS WAREHOUSE INC,consumer-defensive
CLBK,COLUMBIA FINANCIAL INC,financial-services
TCRR,TCR2 THERAPEUTICS INC,healthcare
CRMT,AMERICAS CAR-MART INC,consumer-cyclical
GLT,GLATFELTER CORP,basic-materials
AGYS,AGILISYS INC,technology
NX,QUANEX BUILDING PRODUCTS CORP,industrials
CIR,CIRCOR INTERNATIONAL INC,industrials
TCMD,TACTILE SYSTEMS TECHNOLOGY INC,healthcare
IHRT,IHEARTMEDIA INC CLASS A,communication-services
CNOB,CONNECTONE BANCORP INC,financial-services
ICPT,INTERCEPT PHARMACEUTICALS INC,healthcare
OSPN,ONESPAN INC,technology
CSTL,CASTLE BIOSCIENCES INC,healthcare
BHLB,BERKSHIRE HILLS BANCORP INC,financial-services
ALEC,ALECTOR INC,healthcare
GES,GUESS INC,consumer-cyclical
ECHO,ECHO GLOBAL LOGISTICS INC,industrials
DNOW,NOW INC,industrials
ESPR,ESPERION THERAPEUTICS INC,healthcare
NGM,NGM BIOPHARMACEUTICALS INC,healthcare
KNL,KNOLL INC,industrials
ADTN,ADTRAN INC,technology
HIBB,HIBBETT SPORTS INC,consumer-cyclical
MCRI,MONARCH CASINO AND RESORT INC,consumer-cyclical
CLNE,CLEAN ENERGY FUELS CORP,energy
FRO,FRONTLINE LTD,energy
TBBK,BANCORP INC,financial-services
TCX,TUCOWS INC,technology
WETF,WISDOMTREE INVESTMENTS INC,financial-services
BCOV,BRIGHTCOVE INC,technology
CLCT,COLLECTORS UNIVERSE INC,consumer-cyclical
SLQT,SELECTQUOTE INC,financial-services
XENT,INTERSECT ENT INC,healthcare
MITK,MITEK SYSTEMS INC,technology
PLAB,PHOTRONICS INC,technology
TGI,TRIUMPH GROUP INC,industrials
SCHL,SCHOLASTIC CORP,communication-services
UEIC,UNIVERSAL ELECTRONICS INC,consumer-cyclical
MYE,MYERS INDUSTRIES INC,basic-materials
SNDX,SYNDAX PHARMACEUTICALS INC,healthcare
PETQ,PETIQ INC CLASS A,healthcare
CBB,CINCINNATI BELL INC,communication-services
KYMR,KYMERA THERAPEUTICS INC,healthcare
NTUS,NATUS MEDICAL INC,healthcare
ANDE,ANDERSONS INC,consumer-defensive
EBSB,MERIDIAN BANCORP INC,financial-services
ARR,ARMOUR RESIDENTIAL REIT INC,financial-services
COWN,COWEN INC CLASS A,financial-services
AMPH,AMPHASTAR PHARMACEUTICALS INC,healthcare
PI,IMPINJ INC,technology
RMAX,RE MAX HOLDINGS INC CLASS A,real-estate
KELYA,KELLY SERVICES INC CLASS A,industrials
JBSS,JOHN B SANFILIPPO AND SON INC,consumer-defensive
ICHR,ICHOR HOLDINGS LTD,technology
ALBO,ALBIREO PHARMA INC,healthcare
PGEN,PRECIGEN INC,healthcare
FLWS,1-800 FLOWERS.COM INC CLASS A,consumer-cyclical
RXT,RACKSPACE TECHNOLOGY INC,technology
CYH,COMMUNITY HEALTH SYSTEMS INC,healthcare
BANC,BANC OF CALIFORNIA INC,financial-services
PBF,PBF ENERGY INC CLASS A,energy
BOOM,DMC GLOBAL INC,energy
OPCH,OPTION CARE HEALTH INC,healthcare
PRLD,PRELUDE THERAPEUTICS INC,healthcare
AGM,FEDERAL AGRICULTURAL MORTGAGE NON,financial-services
USCR,U S CONCRETE INC,basic-materials
HLIT,HARMONIC INC,technology
RPT,RPT REALTY,real-estate
BCOR,BLUCORA INC,financial-services
GTHX,G1 THERAPEUTICS INC,healthcare
BNL,BROADSTONE NET LEASE INC CLASS A,real-estate
SP,SP PLUS CORP,industrials
VVI,VIAD CORP,industrials
HBNC,HORIZON BNCP IND,financial-services
TBI,TRUEBLUE INC,industrials
PTGX,PROTAGONIST THERAPEUTICS INC,healthcare
HMST,HOMESTREET INC,financial-services
AGX,ARGAN INC,industrials
CDMO,AVID BIOSERVICES INC,healthcare
CLNC,COLONY CREDIT REAL ESTATE INC CLAS,financial-services
VREX,VAREX IMAGING CORP,healthcare
SM,SM ENERGY,energy
SRCE,1ST SOURCE CORP,financial-services
ACCD,ACCOLADE INC,healthcare
ARLO,ARLO TECHNOLOGIES INC,technology
COLL,COLLEGIUM PHARMACEUTICAL INC,healthcare
PDFS,PDF SOLUTIONS INC,technology
PLCE,CHILDRENS PLACE INC,consumer-cyclical
BTAI,BIOXCEL THERAPEUTICS INC,healthcare
ARCH,ARCH RESOURCES INC CLASS A,energy
PETS,PETMED EXPRESS INC,consumer-cyclical
PFBC,PREFERRED BANK,financial-services
RIGL,RIGEL PHARMACEUTICALS INC,healthcare
UTL,UNITIL CORP,utilities
ATRS,ANTARES PHARMA INC,healthcare
TRTX,TPG RE FINANCE TRUST INC,financial-services
GOSS,GOSSAMER BIO INC,healthcare
ALVR,ALLOVIR INC,healthcare
NRC,NATIONAL RESEARCH CORP,healthcare
PASG,PASSAGE BIO INC,healthcare
NCBS,NICOLET BANKSHARES INC,financial-services
CARA,CARA THERAPEUTICS INC,healthcare
SGRY,SURGERY PARTNERS INC,healthcare
ANIK,ANIKA THERAPEUTICS INC,healthcare
STRO,SUTRO BIOPHARMA INC,healthcare
EFC,ELLINGTON FINANCIAL INC,financial-services
YORW,YORK WATER,utilities
LMAT,LEMAITRE VASCULAR INC,healthcare
PTVE,PACTIV EVERGREEN INC,basic-materials
STEP,STEPSTONE GROUP INC CLASS A,financial-services
SPPI,SPECTRUM PHARMACEUTICALS INC,healthcare
LBAI,LAKELAND BANCORP INC,financial-services
BLFS,BIOLIFE SOLUTIONS INC,healthcare
EIGI,ENDURANCE INTERNATIONAL GROUP HOLD,technology
FMTX,FORMA THERAPEUTICS HLDG INC,healthcare
SCSC,SCANSOURCE INC,technology
ISEE,IVERIC BIO INC,healthcare
ABTX,ALLEGIANCE BANCSHARES INC,financial-services
IGMS,IGM BIOSCIENCES INC,healthcare
AAN,AARONS COMPANY INC,consumer-cyclical
WTRE,WATFORD HOLDINGS LTD,financial-services
AHH,ARMADA HOFFLER PROPERTIES REIT INC,real-estate
ALX,ALEXANDERS REIT INC,real-estate
RMR,RMR GROUP INC CLASS A,real-estate
FPRX,FIVE PRIME THERAPEUTICS INC,healthcare
BMTC,BRYN MAWR BANK CORP,financial-services
SPTN,SPARTANNASH,consumer-defensive
DMRC,DIGIMARC CORP,technology
AXGN,AXOGEN INC,healthcare
BV,BRIGHTVIEW HOLDINGS INC,industrials
GOOD,GLADSTONE COMMERCIAL REIT CORP,real-estate
IVR,INVESCO MORTGAGE CAPITAL REIT INC,financial-services
VERI,VERITONE INC,technology
DHT,DHT HOLDINGS INC,energy
LC,LENDINGCLUB CORP,financial-services
OBNK,ORIGIN BANCORP INC,financial-services
ZIOP,ZIOPHARM ONCOLOGY INC,healthcare
MOD,MODINE MANUFACTURING,consumer-cyclical
FBMS,FIRST BANCSHARES INC,financial-services
HLX,HELIX ENERGY SOLUTIONS GROUP INC,energy
AMSC,AMERICAN SUPERCONDUCTOR CORP,industrials
FRG,FRANCHISE GROUP INC,consumer-cyclical
CASS,CASS INFORMATION SYSTEMS INC,technology
SFL,SFL LTD,energy
BPFH,BOSTON PRIVATE FINANCIAL HOLDINGS,financial-services
FLGT,FULGENT GENETICS INC,healthcare
LUNG,PULMONX CORP,healthcare
MGPI,MGP INGREDIENTS INC,consumer-defensive
ARQT,ARCUTIS BIOTHERAPEUTICS INC,healthcare
DFIN,DONNELLEY FINANCIAL SOLUTIONS INC,financial-services
QCRH,QCR HOLDINGS INC,financial-services
BDTX,BLACK DIAMOND THERAPEUTICS INC,healthcare
PMVP,PMV PHARMACEUTICALS INC,healthcare
CLW,CLEARWATER PAPER CORP,basic-materials
IIIV,I3 VERTICALS INC CLASS A,technology
UVSP,UNIVEST FINANCIAL CORP,financial-services
ATEN,A10 NETWORKS INC,technology
CPS,COOPER STANDARD HOLDINGS INC,consumer-cyclical
GMRE,GLOBAL MEDICAL REIT INC,real-estate
IMKTA,INGLES MARKETS INC CLASS A,consumer-defensive
PUMP,PROPETRO HOLDING CORP,energy
WIFI,BOINGO WIRELESS INC,communication-services
DCO,DUCOMMUN INC,industrials
VBIV,VBI VACCINES INC,healthcare
STNG,SCORPIO TANKERS INC,energy
UMH,UMH PROPERTIES REIT INC,real-estate
KOP,KOPPERS HOLDINGS INC,basic-materials
VAPO,VAPOTHERM INC,healthcare
WINA,WINMARK CORP,consumer-cyclical
HY,HYSTER YALE MATERIALS HANDLING INC,industrials
KIDS,ORTHOPEDIATRICS CORP,healthcare
CRSR,CORSAIR GAMING INC,technology
NLS,NAUTILUS INC,consumer-cyclical
STRL,STERLING CONSTRUCTION INC,industrials
OTRK,ONTRAK INC,healthcare
HONE,HARBORONE BANCORP INC,financial-services
ASIX,ADVANSIX INC,basic-materials
CTBI,COMMUNITY TRUST BANCORP INC,financial-services
VEC,VECTRUS INC,industrials
PCVX,VAXCYTE INC,healthcare
AGEN,AGENUS INC,healthcare
AEGN,AEGION CORP CLASS A,industrials
NFBK,NORTHFIELD BANCORP INC,financial-services
TRST,TRUSTCO BANK CORP,financial-services
TILE,INTERFACE INC,industrials
GRBK,GREEN BRICK PARTNERS INC,consumer-cyclical
SPWH,SPORTSMANS WAREHOUSE HOLDINGS INC,consumer-cyclical
CENX,CENTURY ALUMINUM,basic-materials
GRC,GORMAN-RUPP,industrials
NARI,INARI MEDICAL INC,healthcare
WOW,WIDEOPENWEST INC,communication-services
DGII,DIGI INTERNATIONAL INC,technology
NEX,NEXTIER OILFIELD SOLUTIONS INC,energy
HSII,HEIDRICK AND STRUGGLES INTERNATION,industrials
CMO,CAPSTEAD MORTGAGE REIT CORP,financial-services
UFCS,UNITED FIRE GROUP INC,financial-services
PAE,PAE INC CLASS A,industrials
HSTM,HEALTHSTREAM INC,healthcare
PARR,PAR PACIFIC HOLDINGS INC,energy
TPC,TUTOR PERINI CORP,industrials
BBSI,BARRETT BUSINESS SERVICES INC,industrials
CAC,CAMDEN NATIONAL CORP,financial-services
JOUT,JOHNSON OUTDOORS INC CLASS A,consumer-cyclical
GSBC,GREAT SOUTHERN BANCORP INC,financial-services
DVAX,DYNAVAX TECHNOLOGIES CORP,healthcare
LILA,LIBERTY LATIN AMERICA LTD CLASS A,communication-services
KNSA,KINIKSA PHARMACEUTICALS LTD CLASS,healthcare
ERII,ENERGY RECOVERY INC,industrials
LDL,LYDALL INC,industrials
RUTH,RUTHS HOSPITALITY GROUP INC,consumer-cyclical
SRDX,SURMODICS INC,healthcare
TG,TREDEGAR CORP,basic-materials
CLDT,CHATHAM LODGING TRUST REIT,real-estate
ANGO,ANGIODYNAMICS INC,healthcare
EVER,EVERQUOTE INC CLASS A,communication-services
CAI,CAI INTERNATIONAL INC,industrials
NWLI,NATIONAL WESTERN LIFE GROUP INC CL,financial-services
MRC,MRC GLOBAL INC,industrials
AFMD,AFFIMED NV,healthcare
GOGO,GOGO INC,communication-services
KREF,KKR REAL ESTATE FINANCE INC TRUST,financial-services
SLCA,US SILICA HOLDINGS INC,energy
THFF,FIRST FINANCIAL CORPORATION INDIAN,financial-services
TPB,TURNING POINT BRANDS INC,consumer-defensive
GPMT,GRANITE POINT MORTGAGE TRUST INC,financial-services
CMTL,COMTECH TELECOMMUNICATIONS CORP,technology
CFB,CROSSFIRST BANKSHARES INC,financial-services
FLXN,FLEXION THERAPEUTICS INC,healthcare
QTNT,QUOTIENT LTD,healthcare
RC,READY CAPITAL CORP,financial-services
HWKN,HAWKINS INC,basic-materials
SYRS,SYROS PHARMACEUTICALS INC,healthcare
OFLX,OMEGA FLEX INC,industrials
STTK,SHATTUCK LABS INC,healthcare
AMSWA,AMERICAN SOFTWARE INC CLASS A,technology
CNXN,PC CONNECTION INC,technology
HTBK,HERITAGE COMMERCE CORP,financial-services
FMBH,FIRST MID BANCSHARES INC,financial-services
FRTA,FORTERRA INC,basic-materials
ORBC,ORBCOMM INC,communication-services
ARDX,ARDELYX INC,healthcare
ACEL,ACCEL ENTERTAINMENT INC CLASS A,consumer-cyclical
SRG,SERITAGE GROWTH PROPERTIES CLA,real-estate
OM,OUTSET MEDICAL INC,healthcare
APEI,AMERICAN PUBLIC EDUCATION INC,consumer-cyclical
AWH,ASPIRA WOMENS HEALTH INC,healthcare
BMRC,BANK OF MARIN BANCORP,financial-services
THR,THERMON GROUP HOLDINGS INC,industrials
FFG,FBL FINANCIAL GROUP INC CLASS A,financial-services
PEBO,PEOPLES BANCORP INC,financial-services
CHUY,CHUYS HOLDINGS INC,consumer-cyclical
EGRX,EAGLE PHARMACEUTICALS INC,healthcare
PQG,PQ GROUP HOLDINGS INC,basic-materials
LLNW,LIMELIGHT NETWORKS INC,technology
CSV,CARRIAGE SERVICES INC,consumer-cyclical
ANAB,ANAPTYSBIO INC,healthcare
ATNI,ATN INTERNATIONAL INC,communication-services
KRON,KRONOS BIO INC,healthcare
AERI,AERIE PHARMACEUTICALS INC,healthcare
TSC,TRISTATE CAPITAL HOLDINGS INC,financial-services
TEN,TENNECO INC CLASS A,consumer-cyclical
LQDT,LIQUIDITY SERVICES INC,consumer-cyclical
MCFT,MASTERCRAFT BOAT HOLDINGS INC,consumer-cyclical
CAL,CALERES INC,consumer-cyclical
CUBI,CUSTOMERS BANCORP INC,financial-services
TR,TOOTSIE ROLL INDUSTRIES INC,consumer-defensive
HVT,HAVERTY FURNITURE COMPANIES INC,consumer-cyclical
NAT,NORDIC AMERICAN TANKERS LTD,energy
BLX,BANCO LATINOAMERICANO DE COMERCIO,financial-services
RNA,AVIDITY BIOSCIENCES INC,healthcare
FLDM,FLUIDIGM CORP,healthcare
GERN,GERON CORP,healthcare
CBAY,CYMABAY THERAPEUTICS INC,healthcare
SNR,NEW SENIOR INVESTMENT GROUP INC,real-estate
SGH,SMART GLOBAL HOLDINGS INC,technology
RLMD,RELMADA THERAPEUTICS INC,healthcare
AVIR,ATEA PHARMACEUTICALS,healthcare
CTT,CATCHMARK TIMBER TRUST INC CLASS A,real-estate
GTS,TRIPLE S MANAGEMENT CORP CLASS B,healthcare
VRAY,VIEWRAY INC,healthcare
NPK,NATIONAL PRESTO INDUSTRIES INC,industrials
AOSL,ALPHA AND OMEGA SEMICONDUCTOR LTD,technology
PRAX,PRAXIS PRECISION MEDICINES INC,healthcare
MNRL,BRIGHAM MINERALS INC CLASS A,energy
MORF,MORPHIC HOLDING INC,healthcare
MTW,MANITOWOC INC,industrials
PRPL,PURPLE INNOVATION INC,consumer-cyclical
TRUE,TRUECAR INC,communication-services
ZIXI,ZIX CORP,technology
AVRO,AVROBIO INC,healthcare
FSP,FRANKLIN STREET PROPERTIES REIT CO,real-estate
EBF,ENNIS INC,industrials
SPNE,SEASPINE HOLDINGS CORP,healthcare
DHIL,DIAMOND HILL INVESTMENT GROUP INC,financial-services
WRLD,WORLD ACCEPTANCE CORP,financial-services
DRRX,DURECT CORP,healthcare
ECOM,CHANNELADVISOR CORP,technology
FORR,FORRESTER RESEARCH INC,industrials
TMDX,TRANSMEDICS GROUP INC,healthcare
NPTN,NEOPHOTONICS CORP,technology
CRTX,CORTEXYME INC,healthcare
AMRS,AMYRIS INC,basic-materials
IMXI,INTERNATIONAL MONEY EXPRESS INC,technology
VERU,VERU INC,consumer-defensive
IIIN,INSTEEL INDUSTRIES INC,industrials
WMK,WEIS MARKETS INC,consumer-defensive
REX,REX AMERICAN RESOURCES CORP,energy
AMRX,AMNEAL PHARMACEUTICALS INC CLASS A,healthcare
CVI,CVR ENERGY INC,energy
LXFR,LUXFER HOLDINGS PLC,industrials
BZH,BEAZER HOMES INC,consumer-cyclical
FFIC,FLUSHING FINANCIAL CORP,financial-services
UUUU,ENERGY FUELS INC,energy
BCEL,ATRECA INC CLASS A,healthcare
DBI,DESIGNER BRANDS INC CLASS A,consumer-cyclical
AVD,AMER VANGUARD CORP,basic-materials
CTRN,CITI TRENDS INC,consumer-cyclical
GPRE,GREEN PLAINS INC,energy
AKBA,AKEBIA THERAPEUTICS INC,healthcare
DCOM,DIME COMMUNITY BANCSHARES INC,financial-services
CATC,CAMBRIDGE BANCORP,financial-services
CBTX,CBTX INC,financial-services
CPF,CENTRAL PACIFIC FINANCIAL CORP,financial-services
CVM,CEL SCI CORP,healthcare
MSGN,MSG NETWORKS INC CLASS A,communication-services
AVID,AVID TECHNOLOGY INC,technology
FOSL,FOSSIL GROUP INC,consumer-cyclical
ARAY,ACCURAY INC,healthcare
SYX,SYSTEMAX INC,industrials
RBBN,RIBBON COMMUNICATIONS INC,technology
FI,FRANK S INTERNATIONAL NV,energy
WLDN,WILLDAN GROUP INC,industrials
KBAL,KIMBALL INTERNATIONAL INC CLASS B,industrials
BFC,BANK FIRST CORP,financial-services
OSW,ONESPAWORLD HOLDINGS LTD,consumer-cyclical
CNR,CORNERSTONE BUILDING BRANDS INC,industrials
ETH,ETHAN ALLEN INC,consumer-cyclical
WSBF,WATERSTONE FINANCIAL INC,financial-services
LPG,DORIAN LPG LTD,energy
VKTX,VIKING THERAPEUTICS INC,healthcare
ALTA,ALTABANCORP,financial-services
ANNX,ANNEXON INC,healthcare
PHAT,PHATHOM PHARMACEUTICALS INC,healthcare
FIXX,HOMOLOGY MEDICINES INC,healthcare
AROW,ARROW FINANCIAL CORP,financial-services
PGC,PEAPACK GLADSTONE FINANCIAL CORP,financial-services
BNFT,BENEFITFOCUS INC,technology
MBWM,MERCANTILE BANK CORP,financial-services
SUMO,SUMO LOGIC INC,technology
MSFUT,CASH COLLATERAL MSFUT USD,cash-derivatives
OPRX,OPTIMIZERX CORP,healthcare
MAX,MEDIAALPHA INC CLASS A,communication-services
LOVE,LOVESAC COMPANY,consumer-cyclical
PRTA,PROTHENA PLC,healthcare
ALRS,ALERUS FINANCIAL CORP,financial-services
AMK,ASSETMARK FINANCIAL HOLDINGS INC,financial-services
CMRE,COSTAMARE INC,industrials
UBA,URSTADT BIDDLE PROPERTIES REIT INC,real-estate
INSW,INTERNATIONAL SEAWAYS INC,energy
CLVS,CLOVIS ONCOLOGY INC,healthcare
GAN,GAN LTD,consumer-cyclical
PAHC,PHIBRO ANIMAL HEALTH CORP CLASS A,healthcare
FLIC,FIRST OF LONG ISLAND CORP,financial-services
UVE,UNIVERSAL INSURANCE HOLDINGS INC,financial-services
MLR,MILLER INDUSTRIES INC,industrials
BY,BYLINE BANCORP INC,financial-services
RGP,RESOURCES CONNECTION INC,industrials
NRIX,NURIX THERAPEUTICS INC,healthcare
BDGE,BRIDGE BANCORP INC,financial-services
BDSI,BIODELIVERY SCIENCES INTERNATIONAL,healthcare
DX,DYNEX CAPITAL REIT INC,financial-services
CIO,CITY OFFICE REIT INC,real-estate
AMTI,APPLIED MOLECULAR TRANSPORT,healthcare
DDS,DILLARDS INC CLASS A,consumer-cyclical
AXTI,AXT INC,technology
IBCP,INDEPENDENT BANK CORP,financial-services
BFST,BUSINESS FIRST BANCSHARES INC,financial-services
RYAM,RAYONIER ADVANCED MATERIALS INC,basic-materials
PRTS,CARPARTS COM INC,consumer-cyclical
LIND,LINDBLAD EXPEDITIONS HOLDINGS INC,consumer-cyclical
GCO,GENESCO INC,consumer-cyclical
SIGA,SIGA TECHNOLOGIES INC,healthcare
BFS,SAUL CENTERS REIT INC,real-estate
FCBC,FIRST COMMUNITY BANKSHARES INC,financial-services
HOFT,HOOKER FURNITURE CORP,consumer-cyclical
OPRT,OPORTUN FINANCIAL CORP,financial-services
HMHC,HOUGHTON MIFFLIN HARCOURT,consumer-cyclical
VXRT,VAXART INC,healthcare
GBIO,GENERATION BIO,healthcare
CRAI,CRA INTERNATIONAL INC,industrials
FBM,FOUNDATION BUILDING MATERIALS INC,industrials
DXPE,DXP ENTERPRISES INC,industrials
MOFG,MIDWESTONE FINANCIAL GROUP INC,financial-services
VRS,VERSO CORP CLASS A,basic-materials
CUE,CUE BIOPHARMA INC,healthcare
IESC,IES INC,industrials
DTIL,PRECISION BIOSCIENCES INC,healthcare
SXC,SUNCOKE ENERGY INC,basic-materials
VSTM,VERASTEM INC,healthcare
AGLE,AEGLEA BIOTHERAPEUTICS INC,healthcare
KE,KIMBALL ELECTRONICS INC,technology
NBR,NABORS INDUSTRIES LTD,energy
MPAA,MOTORCAR PARTS OF AMERICA INC,consumer-cyclical
CUTR,CUTERA INC,healthcare
ATHA,ATHIRA PHARMA INC,healthcare
VSEC,VSE CORP,industrials
RBCAA,REPUBLIC BANCORP INC CLASS A,financial-services
JYNT,JOINT CORP,healthcare
ACRE,ARES COMMERCIAL REAL ESTATE REIT C,financial-services
URGN,UROGEN PHARMA LTD,healthcare
ORC,ORCHID ISLAND CAPITAL INC,financial-services
CENT,CENTRAL GARDEN AND PET,consumer-defensive
MSBI,MIDLAND STATES BANCORP INC,financial-services
DSPG,DSP GROUP INC,technology
HCKT,HACKETT GROUP INC,technology
APTS,PREFERRED APARTMENT COMMUNITIES RE,real-estate
CRNX,CRINETICS PHARMACEUTICALS INC,healthcare
NLTX,NEOLEUKIN THERAPEUTICS INC,healthcare
VPG,VISHAY PRECISION GROUP INC,technology
DJCO,DAILY JOURNAL CORP,communication-services
BCEI,BONANZA CREEK ENERGY INC,energy
CPSI,COMPUTER PROGRAMS AND SYSTEMS INC,healthcare
AMOT,ALLIED MOTION TECHNOLOGIES INC,industrials
BHB,BAR HARBOR BANKSHARES,financial-services
BSRR,SIERRA BANCORP,financial-services
INBX,INHIBRX INC,healthcare
CNSL,CONSOLIDATED COMMUNICATIONS HOLDIN,communication-services
FMNB,FARMERS NATIONAL BANC CORP,financial-services
EAR,EARGO,healthcare
PACK,RANPAK HOLDINGS CORP CLASS A,basic-materials
TITN,TITAN MACHINERY INC,industrials
AMTB,AMERANT BANCORP INC CLASS A,financial-services
HEAR,TURTLE BEACH CORP,consumer-cyclical
CTMX,CYTOMX THERAPEUTICS INC,healthcare
AKTS,AKOUSTIS TECHNOLOGIES INC,technology
ITOS,ITEOS THERAPEUTICS INC,healthcare
PBYI,PUMA BIOTECHNOLOGY INC,healthcare
CNCE,CONCERT PHARMACEUTICALS INC,healthcare
KRO,KRONOS WORLDWIDE INC,basic-materials
CALA,CALITHERA BIOSCIENCES INC,healthcare
SPRO,SPERO THERAPEUTICS INC,healthcare
MGTX,MEIRAGTX HOLDINGS PLC,healthcare
PRVL,PREVAIL THERAPEUTICS INC,healthcare
UEC,URANIUM ENERGY CORP,energy
WTBA,WEST BANCORPORATION INC,financial-services
MGI,MONEYGRAM INTERNATIONAL INC,technology
ACBI,ATLANTIC CAPITAL BANCSHARES INC,financial-services
CTSO,CYTOSORBENTS CORP,healthcare
AKRO,AKERO THERAPEUTICS INC,healthcare
MBI,MBIA INC,financial-services
ATHX,ATHERSYS INC,healthcare
FISI,FINANCIAL INSTITUTIONS INC,financial-services
CCBG,CAPITAL CITY BANK INC,financial-services
CPRX,CATALYST PHARMACEUTICALS INC,healthcare
SCVL,SHOE CARNIVAL INC,consumer-cyclical
BOMN,BOSTON OMAHA CORP CLASS A,communication-services
MEG,MONTROSE ENVIRONMENTAL GRP INC,industrials
AMEH,APOLLO MEDICAL HOLDINGS INC,healthcare
GCI,GANNETT CO INC,communication-services
MRNS,MARINUS PHARMACEUTICALS INC,healthcare
STFC,STATE AUTO FINANCIAL CORP,financial-services
CCNE,CNB FINANCIAL CORP,financial-services
LOCO,EL POLLO LOCO INC,consumer-cyclical
GDEN,GOLDEN ENTERTAINMENT INC,consumer-cyclical
NK,NANTKWEST INC,healthcare
OLP,ONE LIBERTY PROPERTIES REIT INC,real-estate
CCCC,C4 THERAPEUTICS INC,healthcare
TISI,TEAM INC,industrials
CAMP,CALAMP CORP,technology
OIS,OIL STATES INTERNATIONAL INC,energy
CLAR,CLARUS CORP,consumer-cyclical
VHC,VIRNETX HOLDING CORP,technology
FF,FUTUREFUEL CORP,basic-materials
HIFS,HINGHAM INSTITUTION FOR SAVINGS,financial-services
NSSC,NAPCO SECURITY TECHNOLOGIES INC,technology
HTBI,HOMETRUST BANCSHARES INC,financial-services
FOR,FORESTAR GROUP INC,real-estate
ATEX,ANTERIX INC,communication-services
PLYM,PLYMOUTH INDUSTRIAL REIT INC,real-estate
AVXL,ANAVEX LIFE SCIENCES CORP,healthcare
CCRN,CROSS COUNTRY HEALTHCARE INC,healthcare
HCI,HCI GROUP INC,financial-services
CURO,CURO GROUP HOLDINGS CORP,financial-services
ESGC,EROS STX GLOBAL CORP CLASS A,communication-services
ASPN,ASPEN AEROGELS INC,energy
OPY,OPPENHEIMER HOLDINGS NON VOTING IN,financial-services
RICK,RCI HOSPITALITY HOLDINGS INC,consumer-cyclical
CODX,CO DIAGNOSTICS INC,healthcare
SSTI,SHOTSPOTTER INC,technology
WSR,WHITESTONE REIT,real-estate
HAYN,HAYNES INTERNATIONAL INC,basic-materials
HAFC,HANMI FINANCIAL CORP,financial-services
APLT,APPLIED THERAPEUTICS INC,healthcare
ICAD,ICAD INC,healthcare
ANIP,ANI PHARMACEUTICALS INC,healthcare
ASO,ACADEMY SPORTS AND OUTDOORS INC,consumer-cyclical
AMNB,AMERICAN NATIONAL BANKSHARES INC,financial-services
HCCI,HERITAGE CRYSTAL INC,industrials
PLSE,PULSE BIOSCIENCES INC,healthcare
ATRO,ASTRONICS CORP,industrials
SCU,SCULPTOR CAPITAL MANAGEMENT INC CL,financial-services
UTMD,UTAH MEDICAL PRODUCTS INC,healthcare
FC,FRANKLIN COVEY,industrials
OOMA,OOMA INC,communication-services
TDW,TIDEWATER INC,energy
FRPH,FRP HOLDINGS INC,real-estate
RBNC,RELIANT BANCORP INC,financial-services
EQBK,EQUITY BANCSHARES INC CLASS A,financial-services
IVC,INVACARE CORP,healthcare
LUNA,LUNA INNOVATIONS INC,technology
BRG,BLUEROCK RESIDENTIAL GROWTH REIT C,real-estate
MCS,THE MARCUS CORP,communication-services
OSBC,OLD SECOND BANCORP INC,financial-services
UFPT,UFP TECHNOLOGIES INC,basic-materials
GEFB,GREIF INC CLASS B,basic-materials
HFFG,HF FOODS GROUP INC,consumer-defensive
CIA,CITIZENS INC CLASS A,financial-services
KALA,KALA PHARMACEUTICALS INC,healthcare
ARTNA,ARTESIAN RESOURCES CORP CLASS A,utilities
TACO,DEL TACO RESTAURANTS INC,consumer-cyclical
TXMD,THERAPEUTICSMD INC,healthcare
LAND,GLADSTONE LAND REIT CORP,real-estate
LNDC,LANDEC CORP,consumer-defensive
GDYN,GRID DYNAMICS HOLDINGS INC CLASS A,technology
FNKO,FUNKO INC CLASS A,consumer-cyclical
PDLI,PDL BIOPHARMA INC,healthcare
INBK,FIRST INTERNET BANCORP,financial-services
VMD,VIEMED HEALTHCARE INC,healthcare
AFIB,ACUTUS MEDICAL INC,healthcare
TARS,TARSUS PHARMACEUTICALS,healthcare
PRTK,PARATEK PHARMACEUTICALS INC,healthcare
EIGR,EIGER BIOPHARMACEUTICALS INC,healthcare
CLFD,CLEARFIELD INC,technology
PKOH,PARK OHIO HOLDINGS CORP,industrials
HT,HERSHA HOSPITALITY REIT TRUST CLAS,real-estate
DYN,DYNE THERAPEUTICS INC,healthcare
INS,INTELLIGENT SYSTEMS CORP,technology
PKE,PARK AEROSPACE CORP,industrials
PFIS,PEOPLES FINANCIAL SERVICES CORP,financial-services
RRGB,RED ROBIN GOURMET BURGERS INC,consumer-cyclical
MAXN,MAXEON SOLAR TECHNOLOGIES LTD,technology
NVEC,NVE CORP,technology
MEIP,MEI PHARMA INC,healthcare
MOV,MOVADO GROUP INC,consumer-cyclical
WTRH,WAITR HOLDINGS INC,consumer-cyclical
VITL,VITAL FARMS INC,consumer-defensive
RUBY,RUBIUS THERAPEUTICS INC,healthcare
POWL,POWELL INDUSTRIES INC,industrials
FDBC,FIDELITY D AND D BANCORP INC,financial-services
CZNC,CITIZENS AND NORTHERN CORP,financial-services
BRY,BERRY,energy
MCBS,METROCITY BANKSHARES INC,financial-services
GSKY,GREENSKY INC CLASS A,technology
MBIN,MERCHANTS BANCORP,financial-services
RBB,RBB BANCORP,financial-services
DSKE,DASEKE INC,industrials
LORL,LORAL SPACE AND COMMUNICATIONS INC,communication-services
CARE,CARTER BANKSHARES TRUST,financial-services
FNLC,FIRST BANCORP INC,financial-services
AKUS,AKOUOS INC,healthcare
KDNY,CHINOOK THERAPEUTICS INC,healthcare
WVE,WAVE LIFE SCIENCES LTD,healthcare
MCB,METROPOLITAN BANK HOLDING CORP,financial-services
CPLG,COREPOINT LODGING INC,real-estate
MTRX,MATRIX SERVICE,energy
CIVB,CIVISTA BANCSHARES INC,financial-services
RUSHB,RUSH ENTERPRISES INC CLASS B,industrials
OESX,ORION ENERGY SYSTEMS INC,industrials
LTRPA,LIBERTY TRIPADVISOR HOLDINGS INC S,communication-services
NWPX,NORTHWEST PIPE,industrials
XOMA,XOMA CORP,healthcare
HRTG,HERITAGE INSURANCE HOLDINGS INC,financial-services
NBEV,NEWAGE INC,consumer-defensive
REVG,REV GROUP INC,industrials
BATRA,LIBERTY MEDIA LIBERTY BRAVES CORP,communication-services
MNOV,MEDICINOVA INC,healthcare
ETM,ENTERCOM COMMUNICATIONS CORP CLASS,communication-services
NDLS,NOODLES CLASS A,consumer-cyclical
SAVA,CASSAVA SCIENCES INC,healthcare
ZYXI,ZYNEX INC,healthcare
BLBD,BLUE BIRD CORP,industrials
SONA,SOUTHERN NATIONAL BANCORP OF VIRGI,financial-services
ANH,ANWORTH MORTGAGE ASSET REIT CORP,financial-services
EGAN,EGAIN CORP,technology
VRTV,VERITIV CORP,industrials
SOI,SOLARIS OILFIELD INFRASTRUCTURE IN,energy
RAPT,RAPT THERAPEUTICS INC,healthcare
VYNE,VYNE THERAPEUTICS INC,healthcare
NNBR,NN INC,industrials
PLRX,PLIANT THERAPEUTICS INC,healthcare
MTEM,MOLECULAR TEMPLATES INC,healthcare
IDT,IDT CORP CLASS B,communication-services
LMNR,LIMONEIRA,consumer-defensive
KALV,KALVISTA PHARMACEUTICALS INC,healthcare
VOXX,VOXX INTERNATIONAL CORP CLASS A,consumer-cyclical
BWB,BRIDGEWATER BANCSHARES INC,financial-services
CMRX,CHIMERIX INC,healthcare
WTTR,SELECT ENERGY SERVICES INC CLASS A,energy
SGC,SUPERIOR GROUP OF COMPANIES INC,consumer-cyclical
CSTE,CAESARSTONE LTD,industrials
XBIT,XBIOTECH INC,healthcare
SENEA,SENECA FOODS CORP CLASS A,consumer-defensive
TRC,TEJON RANCH,real-estate
TAST,CARROLS RESTAURANT GROUP INC,consumer-cyclical
TELL,TELLURIAN INC,energy
SFST,SOUTHERN FIRST BANCSHARES INC,financial-services
RRBI,RED RIVER BANCSHARES INC,financial-services
SMBC,SOUTHERN MISSOURI BANCORP INC,financial-services
GNTY,GUARANTY BANCSHARES INC,financial-services
AOUT,AMERICAN OUTDOOR BRANDS INC,consumer-cyclical
APYX,APYX MEDICAL CORP,healthcare
ALGS,ALIGOS THERAPEUTICS INC,healthcare
RM,REGIONAL MANAGEMENT CORP,financial-services
CBMG,CELLULAR BIOMEDICINE GROUP INC,healthcare
CECE,CECO ENVIRONMENTAL CORP,industrials
SMMF,SUMMIT FINANCIAL GROUP INC,financial-services
LAWS,LAWSON PRODUCTS INC,industrials
INFU,INFUSYSTEM HOLDINGS INC,healthcare
MVBF,MONONGAHELA POWER CORP,financial-services
ATLO,AMES NATIONAL CORP,financial-services
GNSS,GENASYS INC,technology
FMAO,FARMERS AND MERCHANTS BANCORP INC,financial-services
RGS,REGIS CORP,consumer-cyclical
EBTC,ENTERPRISE BANCORP INC,financial-services
NCMI,NATIONAL CINEMEDIA INC,communication-services
CSTR,CAPSTAR FINANCIAL HOLDINGS INC,financial-services
MCBC,MACATAWA BANK CORP,financial-services
ESCA,ESCALADE INC,consumer-cyclical
STXS,STEREOTAXIS INC,healthcare
VYGR,VOYAGER THERAPEUTICS INC,healthcare
FCAP,FIRST CAPITAL INC,financial-services
WTI,W AND T OFFSHORE INC,energy
CNBKA,CENTURY BANCORP INC CLASS A,financial-services
CRMD,CORMEDIX INC,healthcare
RLGT,RADIANT LOGISTIC INC,industrials
ONEW,ONEWATER MARINE CLASS A INC,consumer-cyclical
RVI,RETAIL VALUE INC,real-estate
COFS,CHOICEONE FINANCIAL SERVICES INC,financial-services
LYTS,LSI INDUSTRIES INC,industrials
CHMA,CHIASMA INC,healthcare
NESR,NATIONAL ENERGY SERVICES REUNITED,energy
LE,LAND END INC,consumer-cyclical
SMBK,SMARTFINANCIAL INC,financial-services
HBCP,HOME BANCORP INC,financial-services
UFI,UNIFI INC,consumer-cyclical
STXB,SPIRIT OF TEXAS BANCSHARES INC,financial-services
ITI,ITERIS INC,technology
ASPU,ASPEN GROUP INC,consumer-cyclical
FRGI,FIESTA RESTAURANT GROUP INC,consumer-cyclical
ODT,ODONATE THERAPEUTICS INC,healthcare
RFL,RAFAEL HOLDINGS INC CLASS B,real-estate
FPI,FARMLAND PARTNERS INC,real-estate
AXDX,ACCELERATE DIAGNOSTICS INC,healthcare
PCSB,PCSB FINANCIAL CORP,financial-services
NTST,NETSTREIT CORP,real-estate
TMST,TIMKENSTEEL CORP,basic-materials
ITIC,INVESTORS TITLE,financial-services
NRIM,NORTHRIM BANCORP INC,financial-services
USLM,UNITED STATES LIME AND MINERALS IN,basic-materials
EZPW,EZCORP NON VOTING INC CLASS A,financial-services
AJX,GREAT AJAX CORP,financial-services
GORO,GOLD RESOURCE CORP,basic-materials
LCI,LANNETT COMPANY INC,healthcare
TCDA,TRICIDA INC,healthcare
CONN,CONNS INC,consumer-cyclical
AMAL,AMALGAMATED BANK CLASS A,financial-services
ACNB,ACNB CORP,financial-services
MCF,CONTANGO OIL AND GAS,energy
SHBI,SHORE BANCSHARES INC,financial-services
NKSH,NATIONAL BANKSHARES INC,financial-services
XERS,XERIS PHARMACEUTICALS INC,healthcare
PWOD,PENNS WOODS BANCORP INC,financial-services
CEIX,CONSOL ENERGY INC,energy
ETNB,89BIO INC,healthcare
AMC,AMC ENTERTAINMENT HOLDINGS INC CLA,communication-services
CASA,CASA SYSTEMS INC,technology
GLRE,GREENLIGHT CAPITAL LTD CLASS A,financial-services
HRMY,HARMONY BIOSCIENCES HLDG INC,healthcare
FSBW,FS BANCORP INC,financial-services
RYI,RYERSON HOLDING CORP,basic-materials
NR,NEWPARK RESOURCES INC,energy
ATOM,ATOMERA INC,technology
SIEN,SIENTRA INC,healthcare
VLGEA,VILLAGE SUPER MARKET INC CLASS A,consumer-defensive
CDZI,CADIZ INC,utilities
PFBI,PREMIER FINANCIAL BANCORP INC,financial-services
TRNS,TRANSCAT INC,industrials
CDXC,CHROMADEX CORP,healthcare
GATO,GATOS SILVER INC,basic-materials
FBIO,FORTRESS BIOTECH INC,healthcare
WMC,WESTERN ASSET MORTGAGE CAPITAL REI,financial-services
RCKY,ROCKY BRANDS INC,consumer-cyclical
IDYA,IDEAYA BIOSCIENCES INC,healthcare
SELB,SELECTA BIOSCIENCES INC,healthcare
TCS,CONTAINER STORE GROUP INC,consumer-cyclical
LCNB,LCNB CORP,financial-services
GRIF,GRIFFIN INDUSTRIAL REALTY INC,real-estate
DAKT,DAKTRONICS INC,technology
EVLO,EVELO BIOSCIENCES INC,healthcare
PWFL,POWERFLEET INC,technology
IBIO,IBIO INC,healthcare
GHL,GREENHILL INC,financial-services
GTYH,GTY TECHNOLOGY HOLDINGS INC,technology
TPCO,TRIBUNE PUBLISHING,communication-services
ONCR,ONCORUS INC,healthcare
CTO,CTO REALTY GROWTH INC,real-estate
MESA,MESA AIR GROUP INC,industrials
AGRX,AGILE THERAPEUTICS INC,healthcare
UTI,UNIVERSAL TECHNICAL INSTITUTE INC,consumer-cyclical
APRE,APREA THERAPEUTICS INC,healthcare
SPFI,SOUTH PLAINS FINANCIAL INC,financial-services
SPOK,SPOK HOLDINGS INC,communication-services
LBC,LUTHER BURBANK CORP,financial-services
PLPC,PREFORMED LINE PRODUCTS,industrials
CYBE,CYBEROPTICS CORP,technology
BRT,BRT APARTMENTS CORP,real-estate
PCYO,PURE CYCLE CORP,utilities
CCB,COASTAL FINANCIAL CORP,financial-services
ASMB,ASSEMBLY BIOSCIENCES INC,healthcare
ORRF,ORRSTOWN FINANCIAL SERVICES INC,financial-services
DZSI,DZS INC,technology
FCBP,FIRST CHOICE BANCORP,financial-services
CATO,CATO CORP CLASS A,consumer-cyclical
SLDB,SOLID BIOSCIENCES INC,healthcare
IDN,INTELLICHECK INC,technology
CHS,CHICOS FAS INC,consumer-cyclical
CMCL,CALEDONIA MINING PLC,basic-materials
FULC,FULCRUM THERAPEUTICS INC,healthcare
IHC,INDEPENDENCE HOLDING,financial-services
ULH,UNIVERSAL LOGISTICS INC,industrials
HURC,HURCO COMPANIES INC,industrials
RES,RPC INC,energy
ALSK,ALASKA COMMUNICATIONS SYSTEMS GROU,communication-services
BELFB,BEL FUSE INC CLASS B,technology
ODC,OIL DRI CORPORATION OF AMERICA,consumer-defensive
TLYS,TILLYS INC CLASS A,consumer-cyclical
SMSI,SMITH MICRO SOFTWARE INC,technology
LCUT,LIFETIME BRANDS INC,consumer-cyclical
CVLG,COVENANT LOGISTICS GROUP INC CLASS,industrials
VTOL,BRISTOW GROUP INC,energy
CVLY,CODORUS VALLEY BANCORP INC,financial-services
BOCH,BANK OF COMMERCE HOLDINGS,financial-services
UBX,UNITY BIOTECHNOLOGY INC,healthcare
EVC,ENTRAVISION COMMUNICATIONS CORP CL,communication-services
RMBI,RICHMOND MUTUAL BANCORPORATION INC,financial-services
FVCB,FVCBANKCORP INC,financial-services
CWCO,CONSOLIDATED WATER LTD,utilities
PVAC,PENN VA CORP,energy
TSHA,TAYSHA GENE THERAPIES INC,healthcare
DSSI,DIAMOND S SHIPPING INC,energy
LAKE,LAKELAND INDUSTRIES INC,consumer-cyclical
CVCY,CENTRAL VALLEY COMMUNITY BANCORP,financial-services
TSBK,TIMBERLAND BANCORP INC,financial-services
HCHC,HC HOLDINGS INC,industrials
AAOI,APPLIED OPTOELECTRONICS INC,technology
ISTR,INVESTAR HOLDING CORP,financial-services
TBNK,TERRITORIAL BANCORP INC,financial-services
GWRS,GLOBAL WATER RESOURCES INC,utilities
RDVT,RED VIOLET INC,industrials
PFHD,PROFESSIONAL HOLDING CORP CLASS A,financial-services
FHTX,FOGHORN THERAPEUTICS,healthcare
MSON,MISONIX INC,healthcare
INZY,INOZYME PHARMA INC,healthcare
PKBK,PARKE BANCORP INC,financial-services
IMRA,IMARA INC,healthcare
IPI,INTREPID POTASH INC,basic-materials
RGCO,RGC RESOURCES INC,utilities
DGICA,DONEGAL GROUP INC CLASS A,financial-services
CNTY,CENTURY CASINOS INC,consumer-cyclical
NATH,NATHANS FAMOUS INC,consumer-cyclical
MPB,MID PENN BANCORP INC,financial-services
AGS,PLAYAGS INC,consumer-cyclical
KIN,KINDRED BIOSCIENCES INC,healthcare
VRA,VERA BRADLEY INC,consumer-cyclical
FLNT,FLUENT INC,communication-services
KVHI,KVH INDUSTRIES INC,technology
PVBC,PROVIDENT BANCORP INC,financial-services
AT,ATLANTIC POWER CORP,utilities
HBIO,HARVARD BIOSCIENCE INC,healthcare
CABA,CABALETTA BIO INC,healthcare
TNAV,TELENAV INC,technology
CSPR,CASPER SLEEP INC,consumer-cyclical
BYSI,BEYONDSPRING INC,healthcare
HBT,HBT FINANCIAL INC,financial-services
QMCO,QUANTUM CORP,technology
PAYS,PAYSIGN INC,technology
HWBK,HAWTHORN BANCSHARES INC,financial-services
NODK,NI HOLDINGS INC,financial-services
BCML,BAYCOM CORP,financial-services
NXTC,NEXTCURE INC,healthcare
KODK,EASTMAN KODAK,technology
ARA,AMERICAN RENAL ASSOCIATES HOLDINGS,healthcare
FENC,FENNEC PHARMACEUTICALS INC,healthcare
WNEB,WESTERN NEW ENGLAND BANCORP INC,financial-services
NWFL,NORWOOD FINANCIAL CORP,financial-services
EVFM,EVOFEM BIOSCIENCES INC,healthcare
RVP,RETRACTABLE TECHNOLOGIES INC,healthcare
FTHM,FATHOM HOLDINGS INC,real-estate
FCCY,1ST CONSTITUTION BANCORP,financial-services
IMMR,IMMERSION CORP,technology
APT,ALPHA PRO TECH LTD,industrials
FRBA,FIRST BANK,financial-services
ALTG,ALTA EQUIPMENT GROUP INC CLASS A,industrials
IIN,INTRICON CORP,healthcare
SRGA,SURGALIGN HOLDINGS INC,healthcare
OPTN,OPTINOSE INC,healthcare
NBN,NORTHEAST BANK,financial-services
CHMI,CHERRY HILL MORTGAGE INVESTMENT RE,financial-services
BCBP,BCB BANCORP INC,financial-services
GRAY,GRAYBUG VISION INC,healthcare
CASI,CASI PHARMACEUTICALS INC,healthcare
HARP,HARPOON THERAPEUTICS INC,healthcare
PIRS,PIERIS PHARMACEUTICALS INC,healthcare
SLCT,SELECT BANCORP INC,financial-services
ESSA,ESSA BANCORP INC,financial-services
ESXB,COMMUNITY BANKERS CORP TRUST,financial-services
EVI,EVI INDUSTRIES INC,industrials
BCLI,BRAINSTORM CELL THERAPEUTICS INC,healthcare
USX,U S XPRESS ENTERPRISES INC CLASS A,industrials
EVBN,EVANS BANCORP INC,financial-services
IVAC,INTEVAC INC,technology
BWFG,BANKWELL FINANCIAL GROUP INC,financial-services
HMTV,HEMISPHERE MEDIA GROUP INC CLASS A,communication-services
FBIZ,FIRST BUSINESS FINANCIAL SERVICES,financial-services
PICO,PICO HOLDINGS INC,industrials
KRMD,REPRO MED SYSTEM INC,healthcare
PCB,PCB BANCORP,financial-services
FSTR,LB FOSTER,industrials
BH,BIGLARI HOLDINGS INCINARY CLASS B,consumer-cyclical
SALT,SCORPIO BULKERS INC,industrials
VRCA,VERRICA PHARMACEUTICALS INC,healthcare
MBIO,MUSTANG BIO INC,healthcare
OCX,ONCOCYTE CORP,healthcare
TREC,TRECORA RESOURCES,basic-materials
FRAF,FRANKLIN FINANCIAL SERVICES CORP,financial-services
CMBM,CAMBIUM NETWORKS CORP,technology
TIG,TREAN INSURANCE GROUP INC,financial-services
HBMD,HOWARD BANCORP INC,financial-services
TIPT,TIPTREE INC,financial-services
NBSE,NEUBASE THERAPEUTICS INC,healthcare
CMCT,CIM COMMERICAL TRUST CORP,real-estate
GPX,GP STRATEGIES CORP,industrials
BTU,PEABODY ENERGY CORP,energy
FLMN,FALCON MINERALS CORP CLASS A,energy
KZR,KEZAR LIFE SCIENCES INC,healthcare
FNWB,FIRST NORTHWEST BAN,financial-services
ALCO,ALICO INC,consumer-defensive
UNTY,UNITY BANCORP INC,financial-services
MGTA,MAGENTA THERAPEUTICS INC,healthcare
STRS,STRATUS PROPERTIES INC,real-estate
MFNC,MACKINAC FINANCIAL CORP,financial-services
AMRK,A MARK PRECIOUS METALS INC,financial-services
SREV,SERVICESOURCE INTERNATIONAL INC,technology
GHM,GRAHAM CORP,industrials
OVLY,OAK VALLEY BANCORP,financial-services
LXRX,LEXICON PHARMACEUTICALS INC,healthcare
FVE,FIVE STAR SENIOR LIVING INC,healthcare
HOOK,HOOKIPA PHARMA INC,healthcare
SFE,SAFEGUARD SCIENTIFICS INC,financial-services
CBIO,CATALYST BIOSCIENCES INC,healthcare
SPRB,SPRUCE BIOSCIENCES INC,healthcare
GTT,GTT COMMUNICATIONS INC,technology
CRDA,CRAWFORD CLASS A,financial-services
SCWX,SECUREWORKS CLASS A CORP,technology
BVH,BLUEGREEN VACATIONS HOLDING CORP C,consumer-cyclical
PROS,PROSIGHT GLOBAL INC,financial-services
IRMD,IRADIMED CORP,healthcare
FRBK,REPUBLIC FIRST BANCORP INC,financial-services
SAMG,SILVERCREST ASSET MANAGEMENT GROUP,financial-services
LIVX,LIVEXLIVE MEDIA INC,communication-services
SNCR,SYNCHRONOSS TECHNOLOGIES INC,technology
ESQ,ESQUIRE FINANCIAL HOLDINGS INC,financial-services
EGLE,EAGLE BULK SHIPPING INC,industrials
PTVCB,PROTECTIVE INSURANCE CORP CLASS B,financial-services
MRLN,MARLIN BUSINESS SERVICES CORP,financial-services
PZN,PZENA INVESTMENT MANAGEMENT INC CL,financial-services
ACTG,ACACIA RESEARCH CORP,industrials
BGSF,BG STAFFING INC,industrials
AQST,AQUESTIVE THERAPEUTICS INC,healthcare
QUAD,QUAD GRAPHICS INC CLASS A,industrials
BPRN,THE BANK OF PRINCETON,financial-services
ZEUS,OLYMPIC STEEL INC,basic-materials
XONE,EXONE,industrials
GNK,GENCO SHIPPING AND TRADING LTD,industrials
LOGC,LOGICBIO THERAPEUTICS INC,healthcare
MBCN,MIDDLEFIELD BANC CORP,financial-services
SMED,SHARPS COMPLIANCE CORP,healthcare
EEX,EMERALD HOLDING INC,communication-services
AAIC,ARLINGTON ASSET INVESTMENT CLASS A,financial-services
CHMG,CHEMUNG FINANCIAL CORP,financial-services
FNCB,FNCB BANCORP INC,financial-services
LFVN,LIFEVANTAGE CORP,consumer-defensive
PSTX,POSEIDA THERAPEUTICS,healthcare
LSF,LAIRD SUPERFOOD INC,consumer-defensive
ADMA,ADMA BIOLOGICS INC,healthcare
EML,EASTERN,industrials
GLYC,GLYCOMIMETICS INC,healthcare
SRT,STARTEK INC,technology
EXTN,EXTERRAN CORP,energy
PCTI,PCTEL INC,technology
CFRX,CONTRAFECT CORP,healthcare
DMTK,DERMTECH INC,healthcare
RVSB,RIVERVIEW BANCORP INC,financial-services
TCFC,COMMUNITY FINANCIAL,financial-services
SCOR,COMSCORE INC,communication-services
NGVC,NATURAL GROCERS BY VITAMIN COTTAGE,consumer-defensive
ETON,ETON PHARMACEUTCIALS INC,healthcare
BFIN,BANKFINANCIAL CORP,financial-services
MNSB,MAINSTREET BANCSHARES INC,financial-services
DYAI,DYADIC INTERNATIONAL INC,healthcare
CRBP,CORBUS PHARMACEUTICALS HOLDINGS IN,healthcare
DLTH,DULUTH HOLDINGS INC CLASS B,consumer-cyclical
LEGH,LEGACY HOUSING CORP,consumer-cyclical
SBFG,SB FINANCIAL GROUP INC,financial-services
HBB,HAMILTON BEACH BRANDS HOLDING COMP,consumer-cyclical
PBIP,PRUDENTIAL BANCORP INC,financial-services
JNCE,JOUNCE THERAPEUTICS INC,healthcare
TALO,TALOS ENERGY INC,energy
RESN,RESONANT INC,technology
PEBK,PEOPLES BANCORP OF NORTH CAROLINA,financial-services
SLNO,SOLENO THERAPEUTICS INC,healthcare
CKPT,CHECKPOINT THERAPEUTICS INC,healthcare
OSG,OVERSEAS SHIPHOLDING GROUP INC CLA,energy
EARN,ELLINGTON RESIDENTIAL MORTGAGE REI,financial-services
APTX,APTINYX INC,healthcare
GAIA,GAIA INC CLASS A,communication-services
FSFG,FIRST SAVINGS FINANCIAL GROUP INC,financial-services
CALB,CALIFORNIA BANCORP,financial-services
CFFI,C AND F FINANCIAL CORP,financial-services
XCUR,EXICURE INC,healthcare
PAND,PANDION THERAPEUTICS HOLDCO INC,healthcare
SPKE,SPARK ENERGY INC CLASS A,utilities
WEYS,WEYCO GROUP INC,consumer-cyclical
HROW,HARROW HEALTH INC,healthcare
UBFO,UNITED SECURITY BANCSHARES,financial-services
PBFS,PIONEER BANCORP INC,financial-services
III,INFORMATION SERVICES GROUP INC,technology
ORGO,ORGANOGENESIS HOLDINGS INC CLASS A,healthcare
GNE,GENIE ENERGY LTD CLASS B,utilities
BBCP,CONCRETE PUMPING HOLDINGS INC,industrials
AGTC,APPLIED GENETIC TECHNOLOGIES CORP,healthcare
WHG,WESTWOOD HOLDINGS GROUP INC,financial-services
GENC,GENCOR INDUSTRIES INC,industrials
CRK,COMSTOCK RESOURCES INC,energy
FUNC,FIRST UNITED CORP,financial-services
GFN,GENERAL FINANCE CORP,industrials
GSIT,GSI TECHNOLOGY INC,technology
OYST,OYSTER POINT PHARMA INC,healthcare
OVID,OVID THERAPEUTICS INC,healthcare
DHX,DHI GROUP INC,communication-services
NATR,NATURES SUNSHINE PRODUCTS INC,consumer-defensive
AVEO,AVEO PHARMACEUTICALS INC,healthcare
GALT,GALECTIN THERAPEUTICS INC,healthcare
PFSW,PFSWEB INC,technology
STND,STANDARD FINANCIAL CORP,financial-services
IBEX,IBEX LTD,industrials
CBNK,CAPITAL BANCORP INC,financial-services
ATLC,ATLANTICUS HOLDINGS CORP,financial-services
GNPX,GENPREX INC,healthcare
ASC,ARDMORE SHIPPING CORP,energy
PLBC,PLUMAS BANCORP,financial-services
MG,MISTRAS GROUP INC,industrials
MIRM,MIRUM PHARMACEUTICALS INC,healthcare
CLPR,CLIPPER REALTY INC,real-estate
SBBP,STRONGBRIDGE BIOPHARMA,healthcare
PINE,ALPINE INCOME PROPERTY TRUST INC,real-estate
OPBK,OP BANCORP,financial-services
ELOX,ELOXX PHARMACEUTICALS INC,healthcare
KLDO,KALEIDO BIOSCIENCES INC,healthcare
MRBK,MERIDIAN CORP,financial-services
PXLW,PIXELWORKS INC,technology
GRTS,GRITSTONE ONCOLOGY INC,healthcare
FCCO,FIRST COMMUNITY CORP,financial-services
CBAN,COLONY BANKCORP INC,financial-services
EOLS,EVOLUS INC,healthcare
MMAC,MMA CAPITAL HOLDINGS INC,financial-services
MEC,MAYVILLE ENGINEERING COMPANY INC,industrials
SQZ,SQZ BIOTECHNOLOGIES COMPANY,healthcare
UIHC,UNITED INSURANCE HOLDINGS CORP,financial-services
CEMI,CHEMBIO DIAGNOSTICS INC,healthcare
MPX,MARINE PRODUCTS CORP,consumer-cyclical
SGA,SAGA COMMUNICATIONS INC CLASS A,communication-services
LEVL,LEVEL ONE BANCORP INC,financial-services
MYFW,FIRST WESTERN FINANCIAL INC,financial-services
XFOR,X4 PHARMACEUTICALS INC,healthcare
ENZ,ENZO BIOCHEM INC,healthcare
FONR,FONAR CORP,healthcare
CORR,CORENERGY INFRASTRUCTURE TRUST REI,real-estate
AUBN,AUBURN NATIONAL BANCORPORATION INC,financial-services
WLFC,WILLIS LEASE FINANCE CORP,industrials
CNTG,CENTOGENE NV,healthcare
OVBC,OHIO VALLEY BANC CORP,financial-services
VNRX,VOLITIONRX LTD,healthcare
ICBK,COUNTY BANCORP INC,financial-services
ACRX,ACELRX PHARMACEUTICALS INC,healthcare
EBMT,EAGLE BANCORP MONTANA INC,financial-services
GBL,GAMCO INVESTORS INC CLASS A,financial-services
IMUX,IMMUNIC INC,healthcare
SAL,SALISBURY BANCORP INC,financial-services
BSGM,BIOSIG TECHNOLOGIES INC,healthcare
ABEO,ABEONA THERAPEUTICS INC,healthcare
ADES,ADVANCED EMISSIONS SOLUTIONS INC,basic-materials
ESTE,EARTHSTONE ENERGY INC CLASS A,energy
FGBI,FIRST GUARANTY BANCSHARES INC,financial-services
NYMX,NYMOX PHARMACEUTICAL CORP,healthcare
PDLB,PDL COMMUNITY BANCORP,financial-services
GDP,GOODRICH PETE CORP,energy
CBFV,CB FINANCIAL SERVICES INC,financial-services
GCBC,GREENE COUNTY BANCORP INC,financial-services
CIZN,CITIZENS HOLDING,financial-services
EPM,EVOLUTION PETROLEUM CORP,energy
PTSI,PAM TRANSPORTATION SERVICES INC,industrials
TARA,PROTARA THERAPEUTICS INC,healthcare
TELA,TELA BIO INC,healthcare
AVO,MISSION PRODUCE INC,consumer-defensive
NERV,MINERVA NEUROSCIENCES INC,healthcare
LJPC,LA JOLLA PHARMACEUTICAL,healthcare
RMNI,RIMINI STREET INC,technology
PROV,PROVIDENT FINANCIAL HOLDINGS INC,financial-services
GRTX,GALERA THERAPEUTICS INC,healthcare
NC,NACCO INDUSTRIES INC CLASS A,energy
TYME,TYME TECHNOLOGIES INC,healthcare
MLSS,MILESTONE SCIENTIFIC INC,healthcare
LQDA,LIQUIDIA CORP,healthcare
AXLA,AXCELLA HEALTH INC,healthcare
CDAK,CODIAK BIOSCIENCES,healthcare
CERC,CERECOR INC,healthcare
LARK,LANDMARK BANCORP INC,financial-services
WRAP,WRAP TECHNOLOGIES INC,technology
ARAV,ARAVIVE INC,healthcare
CMPI,CHECKMATE PHARMACEUTICALS INC,healthcare
ORGS,ORGENESIS INC,healthcare
RMTI,ROCKWELL MEDICAL INC,healthcare
NSCO,NESCO HOLDINGS INC CLASS A,industrials
CYCN,CYCLERION THERAPEUTICS INC,healthcare
SBT,STERLING BANCORP INC,financial-services
ELMD,ELECTROMED INC,healthcare
MBII,MARRONE BIO INNOVATIONS INC,basic-materials
CSBR,CHAMPIONS ONCOLOGY INC,healthcare
NH,NANTHEALTH INC,healthcare
OSMT,OSMOTICA PHARMACEUTICALS PLC,healthcare
MLP,MAUI LAND AND PINEAPPLE INC,real-estate
REV,REVLON INC CLASS A,consumer-defensive
AGFS,AGROFRESH SOLUTIONS INC,basic-materials
MHH,MASTECH DIGITAL INC,industrials
FNHC,FEDNAT HOLDING COMPANY,financial-services
PHAS,PHASEBIO PHARMACEUTICALS INC,healthcare
XAIR,BEYOND AIR INC,healthcare
REFR,RESEARCH FRONT INC,technology
CDTX,CIDARA THERAPEUTICS INC,healthcare
LMST,LIMESTONE BANCORP INC,financial-services
SVRA,SAVARA INC,healthcare
FARM,FARMER BROTHERS,consumer-defensive
SNFCA,SECURITY NATIONAL FINANCIAL CORP C,financial-services
LNSR,LENSAR INC,healthcare
PAVM,PAVMED INC,healthcare
ASUR,ASURE SOFTWARE INC,technology
SB,SAFE BULKERS INC,industrials
ASPS,ALTISOURCE PORTFOLIO SOLUTIONS SA,real-estate
REPH,RECRO PHARMA INC,healthcare
TH,TARGET HOSPITALITY CORP,consumer-cyclical
BSVN,BANK7 CORP,financial-services
GNLN,GREENLANE HOLDINGS INC CLASS A,consumer-cyclical
BSBK,BOGOTA FINANCIAL CORP,financial-services
AC,ASSOCIATED CAPITAL GROUP INC CLASS,financial-services
EXPR,EXPRESS INC,consumer-cyclical
KRUS,KURA SUSHI USA INC,consumer-cyclical
XGN,EXAGEN INC,healthcare
AE,ADAMS RESOURCES AND ENERGY INC,energy
KERN,AKERNA CORP,industrials
CLXT,CALYXT INC,healthcare
NEXT,NEXTDECADE CORP,energy
SOLY,SOLITON INC,healthcare
CTO,CTO REALTY GROWTH INC CASH ACCRUAL,real-estate
PCYG,PARK CITY GROUP INC,technology
PTRS,PARTNERS BANCORP,financial-services
MTCR,METACRINE,healthcare
ENOB,ENOCHIAN BIOSCIENCES INC,healthcare
STSA,SATSUMA PHARMACEUTICALS INC,healthcare
PRTH,PRIORITY TECHNOLOGY HOLDINGS INC,technology
BXG,BLUEGREEN CORP,consumer-cyclical
SWKH,SWK HOLDINGS CORP,financial-services
ULBI,ULTRALIFE CORP,industrials
BHA,BIGLARI HOLDINGS INC CLASS A,consumer-cyclical
NL,NL INDUSTRIES INC,industrials
MRKR,MARKER THERAPEUTICS INC,healthcare
LYRA,LYRA THERAPEUTICS INC,healthcare
CATB,CATABASIS PHARMACEUTICALS INC,healthcare
ELA,ENVELA CORP,consumer-cyclical
ATXI,AVENUE THERAPEUTICS INC,healthcare
VERO,VENUS CONCEPT INC,healthcare
ADRO,ADURO BIOTECH CVR,healthcare
VALU,VALUE LINE INC,financial-services
WLL,WHITING PETROLEUM CORP,energy
BRID,BRIDGFORD FOODS CORP,consumer-defensive
NMRD,NEMAURA MEDICAL INC,healthcare
PANL,PANGAEA LOGISTICS SOLUTIONS LTD,industrials
SCPH,SCPHARMACEUTICALS INC,healthcare
SIEB,SIEBERT FINANCIAL CORP,financial-services
CWBR,COHBAR INC,healthcare
TCI,TRANSCONTINENTAL REALTY INVESTORS,real-estate
BLPH,BELLEROPHON THERAPEUTICS INC,healthcare
PNRG,PRIMEENERGY RESOURCES CORP,energy
AVCO,AVALON GLOBOCARE CORP,healthcare
CIX,COMPX INTERNATIONAL INC,industrials
ARL,AMERICAN REALTY INVESTORS INC,real-estate
GWGH,GWG HOLDINGS INC,financial-services
PROG,PROGENITY INC,healthcare
VERY,VERICITY INC,financial-services
OFED,OCONEE FEDERAL FINANCIAL CORP,financial-services
NRBO,NEUROBO PHARMACEUTICALS INC,healthcare
USD,USD CASH,cash-derivatives
RVI,Retail Value Inc Cash Accrual,real-estate
VTVT,VTV THERAPEUTICS INC CLASS A,healthcare
SEAC,SEACHANGE INTERNATIONAL INC,technology
AYTU,AYTU BIOSCIENCE INC,healthcare
WLLAW,WHITING PETROLEUM EQUITY WARRANTS,energy
WLLBW,WHITING PETROLEUM EQUITY WARRANTS,energy
GTXI,GTXI INC - CVR,healthcare
